ID,Tipo,SKU,"GTIN, UPC, EAN, ou ISBN",Nome,Publicado,Em destaque?,Visibilidade no catálogo,Descrição curta,Descrição,Data de preço promocional começa em,Data de preço promocional termina em,Status do imposto,Classe de imposto,Em estoque?,Estoque,Quantidade baixa de estoque,São permitidas encomendas?,Vendido individualmente?,Peso (kg),Comprimento (cm),Largura (cm),Altura (cm),Permitir avaliações de clientes?,Observação de compra,Preço promocional,Preço,Categorias,Tags,Classe de entrega,Imagens,Limite de downloads,Dias para expirar o download,Ascendente,Grupo de produtos,Upsells,Venda cruzada,URL externa,Texto do botão,Posição,Marcas,Nome do atributo 1,Valores do atributo 1,Visibilidade do atributo 1,Atributo global 1
53044,simple,7898950283436,,Bandeja Metal - Papelito,1,0,visible,Bandeja Metal - Papelito | Marca: Papelito | Categoria: Tabacaria | AquaFlora Agroshop,"<div class=""product-description"">\n<h2>Bandeja Metal - Papelito</h2>\n<p>Produto <strong>Papelito</strong> da linha Tabacaria. Disponível na <strong>AquaFlora Agroshop</strong> com melhor custo-benefício.</p>\n<ul class=""product-features"">\n  <li>🏷️ <strong>Marca:</strong> Papelito</li>\n  <li>📦 <strong>Categoria:</strong> Tabacaria</li>\n  <li>✅ <strong>Produto Original</strong> com garantia</li>\n  <li>🚚 <strong>Entrega Rápida</strong> para todo o Brasil</li>\n  <li>💳 <strong>Diversas formas de pagamento</strong></li>\n</ul>\n<div class=""cta-section"">\n<p>📞 <strong>Dúvidas?</strong> Nossa equipe está pronta para ajudar!</p>\n<p>⭐ <strong>AquaFlora Agroshop</strong> - Sua loja de confiança!</p>\n</div>\n</div>",,,taxable,,1,1,,0,0,,,,,1,,,"49,90",Tabacaria,"Papelito, Tabacaria",,https://aquafloragroshop.com.br/wp-content/uploads/produtos/tabacaria/7898950283436.jpg,,,,,,,,,0,Papelito,Marca,Papelito,1,1
53277,simple,4975,,Bong De Vidro,1,0,visible,Bong De Vidro | Categoria: Tabacaria | AquaFlora Agroshop,"<div class=""product-description"">\n<h2>Bong De Vidro</h2>\n<p>Produto de alta qualidade da categoria Tabacaria. Disponível na <strong>AquaFlora Agroshop</strong> com melhor custo-benefício.</p>\n<ul class=""product-features"">\n  <li>📦 <strong>Categoria:</strong> Tabacaria</li>\n  <li>✅ <strong>Produto Original</strong> com garantia</li>\n  <li>🚚 <strong>Entrega Rápida</strong> para todo o Brasil</li>\n  <li>💳 <strong>Diversas formas de pagamento</strong></li>\n</ul>\n<div class=""cta-section"">\n<p>📞 <strong>Dúvidas?</strong> Nossa equipe está pronta para ajudar!</p>\n<p>⭐ <strong>AquaFlora Agroshop</strong> - Sua loja de confiança!</p>\n</div>\n</div>",,,taxable,,1,1,,0,0,,,,,1,,,"169,00",Tabacaria,Tabacaria,,https://aquafloragroshop.com.br/wp-content/uploads/produtos/tabacaria/4975.jpg,,,,,,,,,0,,,,,
53278,simple,1621,,Borracha P/ Mangueira Silicone L5,1,0,visible,Borracha P/ Mangueira Silicone L5 | Categoria: Tabacaria | AquaFlora Agroshop,"<div class=""product-description"">\n<h2>Borracha P/ Mangueira Silicone L5</h2>\n<p>Produto de alta qualidade da categoria Tabacaria. Disponível na <strong>AquaFlora Agroshop</strong> com melhor custo-benefício.</p>\n<ul class=""product-features"">\n  <li>📦 <strong>Categoria:</strong> Tabacaria</li>\n  <li>✅ <strong>Produto Original</strong> com garantia</li>\n  <li>🚚 <strong>Entrega Rápida</strong> para todo o Brasil</li>\n  <li>💳 <strong>Diversas formas de pagamento</strong></li>\n</ul>\n<div class=""cta-section"">\n<p>📞 <strong>Dúvidas?</strong> Nossa equipe está pronta para ajudar!</p>\n<p>⭐ <strong>AquaFlora Agroshop</strong> - Sua loja de confiança!</p>\n</div>\n</div>",,,taxable,,1,7,,0,0,,,,,1,,,"2,00",Tabacaria,Tabacaria,,https://aquafloragroshop.com.br/wp-content/uploads/produtos/tabacaria/1621.jpg,,,,,,,,,0,,,,,
53279,simple,1620,,Borracha P/ Mangueira Silicone Ns1002S,1,0,visible,Borracha P/ Mangueira Silicone Ns1002S | Categoria: Tabacaria | AquaFlora Agroshop,"<div class=""product-description"">\n<h2>Borracha P/ Mangueira Silicone Ns1002S</h2>\n<p>Produto de alta qualidade da categoria Tabacaria. Disponível na <strong>AquaFlora Agroshop</strong> com melhor custo-benefício.</p>\n<ul class=""product-features"">\n  <li>📦 <strong>Categoria:</strong> Tabacaria</li>\n  <li>✅ <strong>Produto Original</strong> com garantia</li>\n  <li>🚚 <strong>Entrega Rápida</strong> para todo o Brasil</li>\n  <li>💳 <strong>Diversas formas de pagamento</strong></li>\n</ul>\n<div class=""cta-section"">\n<p>📞 <strong>Dúvidas?</strong> Nossa equipe está pronta para ajudar!</p>\n<p>⭐ <strong>AquaFlora Agroshop</strong> - Sua loja de confiança!</p>\n</div>\n</div>",,,taxable,,1,6,,0,0,,,,,1,,,"2,50",Tabacaria,Tabacaria,,https://aquafloragroshop.com.br/wp-content/uploads/produtos/tabacaria/1620.jpg,,,,,,,,,0,,,,,
53280,simple,1619,,Borracha P/ Mangueira Silicone Ns1014S,1,0,visible,Borracha P/ Mangueira Silicone Ns1014S | Categoria: Tabacaria | AquaFlora Agroshop,"<div class=""product-description"">\n<h2>Borracha P/ Mangueira Silicone Ns1014S</h2>\n<p>Produto de alta qualidade da categoria Tabacaria. Disponível na <strong>AquaFlora Agroshop</strong> com melhor custo-benefício.</p>\n<ul class=""product-features"">\n  <li>📦 <strong>Categoria:</strong> Tabacaria</li>\n  <li>✅ <strong>Produto Original</strong> com garantia</li>\n  <li>🚚 <strong>Entrega Rápida</strong> para todo o Brasil</li>\n  <li>💳 <strong>Diversas formas de pagamento</strong></li>\n</ul>\n<div class=""cta-section"">\n<p>📞 <strong>Dúvidas?</strong> Nossa equipe está pronta para ajudar!</p>\n<p>⭐ <strong>AquaFlora Agroshop</strong> - Sua loja de confiança!</p>\n</div>\n</div>",,,taxable,,1,8,,0,0,,,,,1,,,"2,00",Tabacaria,Tabacaria,,https://aquafloragroshop.com.br/wp-content/uploads/produtos/tabacaria/1619.jpg,,,,,,,,,0,,,,,
53549,simple,4811,,Cachimbo Bertoldi Hobby Sortido,1,0,visible,Cachimbo Bertoldi Hobby Sortido | Categoria: Tabacaria | AquaFlora Agroshop,"<div class=""product-description"">\n<h2>Cachimbo Bertoldi Hobby Sortido</h2>\n<p>Produto de alta qualidade da categoria Tabacaria. Disponível na <strong>AquaFlora Agroshop</strong> com melhor custo-benefício.</p>\n<ul class=""product-features"">\n  <li>📦 <strong>Categoria:</strong> Tabacaria</li>\n  <li>✅ <strong>Produto Original</strong> com garantia</li>\n  <li>🚚 <strong>Entrega Rápida</strong> para todo o Brasil</li>\n  <li>💳 <strong>Diversas formas de pagamento</strong></li>\n</ul>\n<div class=""cta-section"">\n<p>📞 <strong>Dúvidas?</strong> Nossa equipe está pronta para ajudar!</p>\n<p>⭐ <strong>AquaFlora Agroshop</strong> - Sua loja de confiança!</p>\n</div>\n</div>",,,taxable,,1,1,,0,0,,,,,1,,,"29,00",Tabacaria,Tabacaria,,https://aquafloragroshop.com.br/wp-content/uploads/produtos/tabacaria/4811.webp,,,,,,,,,0,,,,,
53568,simple,7909,,Caixa Carvao De Coco Royal 1Kg,1,0,visible,Caixa Carvao De Coco Royal 1Kg | Categoria: Tabacaria | AquaFlora Agroshop,"<div class=""product-description"">\n<h2>Caixa Carvao De Coco Royal 1Kg</h2>\n<p>Produto de alta qualidade da categoria Tabacaria. Disponível na <strong>AquaFlora Agroshop</strong> com melhor custo-benefício.</p>\n<ul class=""product-features"">\n  <li>📦 <strong>Categoria:</strong> Tabacaria</li>\n  <li>✅ <strong>Produto Original</strong> com garantia</li>\n  <li>🚚 <strong>Entrega Rápida</strong> para todo o Brasil</li>\n  <li>💳 <strong>Diversas formas de pagamento</strong></li>\n</ul>\n<div class=""cta-section"">\n<p>📞 <strong>Dúvidas?</strong> Nossa equipe está pronta para ajudar!</p>\n<p>⭐ <strong>AquaFlora Agroshop</strong> - Sua loja de confiança!</p>\n</div>\n</div>",,,taxable,,1,1,,0,0,1,,,,1,,,"25,00",Tabacaria,Tabacaria,,https://aquafloragroshop.com.br/wp-content/uploads/produtos/tabacaria/7909.jpg,,,,,,,,,0,,,,,
53804,simple,7898951606074,,Carvao Narguile Black King,1,0,visible,Carvao Narguile Black King | Marca: Black King | Categoria: Tabacaria | AquaFlora Agroshop,"<div class=""product-description"">\n<h2>Carvao Narguile Black King</h2>\n<p>Produto <strong>Black King</strong> da linha Tabacaria. Disponível na <strong>AquaFlora Agroshop</strong> com melhor custo-benefício.</p>\n<ul class=""product-features"">\n  <li>🏷️ <strong>Marca:</strong> Black King</li>\n  <li>📦 <strong>Categoria:</strong> Tabacaria</li>\n  <li>✅ <strong>Produto Original</strong> com garantia</li>\n  <li>🚚 <strong>Entrega Rápida</strong> para todo o Brasil</li>\n  <li>💳 <strong>Diversas formas de pagamento</strong></li>\n</ul>\n<div class=""cta-section"">\n<p>📞 <strong>Dúvidas?</strong> Nossa equipe está pronta para ajudar!</p>\n<p>⭐ <strong>AquaFlora Agroshop</strong> - Sua loja de confiança!</p>\n</div>\n</div>",,,taxable,,1,3,,0,0,,,,,1,,,"6,50",Tabacaria,"Black King, Tabacaria",,https://aquafloragroshop.com.br/wp-content/uploads/produtos/tabacaria/7898951606074.jpg,,,,,,,,,0,Black King,Marca,Black King,1,1
53806,simple,7898923964799,,Carvao Narguile Fumax Pacote 3Un - Geral,1,0,visible,Carvao Narguile Fumax Pacote 3Un - Geral | Marca: Geral | Categoria: Tabacaria | AquaFlora Agroshop,"<div class=""product-description"">\n<h2>Carvao Narguile Fumax Pacote 3Un - Geral</h2>\n<p>Produto <strong>Geral</strong> da linha Tabacaria. Disponível na <strong>AquaFlora Agroshop</strong> com melhor custo-benefício.</p>\n<ul class=""product-features"">\n  <li>🏷️ <strong>Marca:</strong> Geral</li>\n  <li>📦 <strong>Categoria:</strong> Tabacaria</li>\n  <li>✅ <strong>Produto Original</strong> com garantia</li>\n  <li>🚚 <strong>Entrega Rápida</strong> para todo o Brasil</li>\n  <li>💳 <strong>Diversas formas de pagamento</strong></li>\n</ul>\n<div class=""cta-section"">\n<p>📞 <strong>Dúvidas?</strong> Nossa equipe está pronta para ajudar!</p>\n<p>⭐ <strong>AquaFlora Agroshop</strong> - Sua loja de confiança!</p>\n</div>\n</div>",,,taxable,,1,3,,0,0,,,,,1,,,"6,00",Tabacaria,"Geral, Tabacaria",,https://aquafloragroshop.com.br/wp-content/uploads/produtos/tabacaria/7898923964799.jpg,,,,,,,,,0,Geral,Marca,Geral,1,1
53807,simple,5008,,Carvao Reis Do Oriente 2Un,1,0,visible,Carvao Reis Do Oriente 2Un | Categoria: Tabacaria | AquaFlora Agroshop,"<div class=""product-description"">\n<h2>Carvao Reis Do Oriente 2Un</h2>\n<p>Produto de alta qualidade da categoria Tabacaria. Disponível na <strong>AquaFlora Agroshop</strong> com melhor custo-benefício.</p>\n<ul class=""product-features"">\n  <li>📦 <strong>Categoria:</strong> Tabacaria</li>\n  <li>✅ <strong>Produto Original</strong> com garantia</li>\n  <li>🚚 <strong>Entrega Rápida</strong> para todo o Brasil</li>\n  <li>💳 <strong>Diversas formas de pagamento</strong></li>\n</ul>\n<div class=""cta-section"">\n<p>📞 <strong>Dúvidas?</strong> Nossa equipe está pronta para ajudar!</p>\n<p>⭐ <strong>AquaFlora Agroshop</strong> - Sua loja de confiança!</p>\n</div>\n</div>",,,taxable,,1,5,,0,0,,,,,1,,,"2,50",Tabacaria,Tabacaria,,,,,,,,,,,0,,,,,
54008,simple,4940,,Cinzeiro Vidro Live Hard,1,0,visible,Cinzeiro Vidro Live Hard | Categoria: Tabacaria | AquaFlora Agroshop,"<div class=""product-description"">\n<h2>Cinzeiro Vidro Live Hard</h2>\n<p>Produto de alta qualidade da categoria Tabacaria. Disponível na <strong>AquaFlora Agroshop</strong> com melhor custo-benefício.</p>\n<ul class=""product-features"">\n  <li>📦 <strong>Categoria:</strong> Tabacaria</li>\n  <li>✅ <strong>Produto Original</strong> com garantia</li>\n  <li>🚚 <strong>Entrega Rápida</strong> para todo o Brasil</li>\n  <li>💳 <strong>Diversas formas de pagamento</strong></li>\n</ul>\n<div class=""cta-section"">\n<p>📞 <strong>Dúvidas?</strong> Nossa equipe está pronta para ajudar!</p>\n<p>⭐ <strong>AquaFlora Agroshop</strong> - Sua loja de confiança!</p>\n</div>\n</div>",,,taxable,,1,1,,0,0,,,,,1,,,"29,90",Tabacaria,Tabacaria,,https://aquafloragroshop.com.br/wp-content/uploads/produtos/tabacaria/4940.jpg,,,,,,,,,0,,,,,
54246,simple,5075,,Cuia Silicone Ff Mix,1,0,visible,Cuia Silicone Ff Mix | Categoria: Tabacaria | AquaFlora Agroshop,"<div class=""product-description"">\n<h2>Cuia Silicone Ff Mix</h2>\n<p>Produto de alta qualidade da categoria Tabacaria. Disponível na <strong>AquaFlora Agroshop</strong> com melhor custo-benefício.</p>\n<ul class=""product-features"">\n  <li>📦 <strong>Categoria:</strong> Tabacaria</li>\n  <li>✅ <strong>Produto Original</strong> com garantia</li>\n  <li>🚚 <strong>Entrega Rápida</strong> para todo o Brasil</li>\n  <li>💳 <strong>Diversas formas de pagamento</strong></li>\n</ul>\n<div class=""cta-section"">\n<p>📞 <strong>Dúvidas?</strong> Nossa equipe está pronta para ajudar!</p>\n<p>⭐ <strong>AquaFlora Agroshop</strong> - Sua loja de confiança!</p>\n</div>\n</div>",,,taxable,,1,2,,0,0,,,,,1,,,"15,00",Tabacaria,Tabacaria,,https://aquafloragroshop.com.br/wp-content/uploads/produtos/tabacaria/5075.jpg,,,,,,,,,0,,,,,
54482,simple,7898313930052,,Fluido Volcano 133Ml,0,0,visible,Fluido Volcano 133Ml | Marca: Volcano | Categoria: Tabacaria | AquaFlora Agroshop,"<div class=""product-description"">\n<h2>Fluido Volcano 133Ml</h2>\n<p>Produto <strong>Volcano</strong> da linha Tabacaria. Disponível na <strong>AquaFlora Agroshop</strong> com <strong>0.133 Kg</strong> e melhor custo-benefício.</p>\n<ul class=""product-features"">\n  <li>🏷️ <strong>Marca:</strong> Volcano</li>\n    <li>⚖️ <strong>Peso/Conteúdo:</strong> 0.133 Kg (1x 0.133 Kg)</li>\n  <li>📦 <strong>Categoria:</strong> Tabacaria</li>\n  <li>✅ <strong>Produto Original</strong> com garantia</li>\n  <li>🚚 <strong>Entrega Rápida</strong> para todo o Brasil</li>\n  <li>💳 <strong>Diversas formas de pagamento</strong></li>\n</ul>\n<div class=""cta-section"">\n<p>📞 <strong>Dúvidas?</strong> Nossa equipe está pronta para ajudar!</p>\n<p>⭐ <strong>AquaFlora Agroshop</strong> - Sua loja de confiança!</p>\n</div>\n</div>",,,taxable,,0,0,,0,0,0.133,,,,1,,,"48,00",Tabacaria,"Tabacaria, Volcano",,https://aquafloragroshop.com.br/wp-content/uploads/produtos/tabacaria/7898313930052.jpg,,,,,,,,,0,Volcano,Marca,Volcano,1,1
54614,simple,7898313930106,,Gas Volcano Refinado 300Ml,0,0,visible,Gas Volcano Refinado 300Ml | Marca: Volcano | Categoria: Tabacaria | AquaFlora Agroshop,"<div class=""product-description"">\n<h2>Gas Volcano Refinado 300Ml</h2>\n<p>Produto <strong>Volcano</strong> da linha Tabacaria. Disponível na <strong>AquaFlora Agroshop</strong> com <strong>0.300 Kg</strong> e melhor custo-benefício.</p>\n<ul class=""product-features"">\n  <li>🏷️ <strong>Marca:</strong> Volcano</li>\n    <li>⚖️ <strong>Peso/Conteúdo:</strong> 0.300 Kg (1x 0.300 Kg)</li>\n  <li>📦 <strong>Categoria:</strong> Tabacaria</li>\n  <li>✅ <strong>Produto Original</strong> com garantia</li>\n  <li>🚚 <strong>Entrega Rápida</strong> para todo o Brasil</li>\n  <li>💳 <strong>Diversas formas de pagamento</strong></li>\n</ul>\n<div class=""cta-section"">\n<p>📞 <strong>Dúvidas?</strong> Nossa equipe está pronta para ajudar!</p>\n<p>⭐ <strong>AquaFlora Agroshop</strong> - Sua loja de confiança!</p>\n</div>\n</div>",,,taxable,,0,0,,0,0,0.3,,,,1,,,"35,00",Tabacaria,"Tabacaria, Volcano",,https://aquafloragroshop.com.br/wp-content/uploads/produtos/tabacaria/7898313930106.jpg,,,,,,,,,0,Volcano,Marca,Volcano,1,1
54822,simple,5229,,Isqueiro Honest Bch520,1,0,visible,Isqueiro Honest Bch520 | Marca: Honest | Categoria: Tabacaria | AquaFlora Agroshop,"<div class=""product-description"">\n<h2>Isqueiro Honest Bch520</h2>\n<p>Produto <strong>Honest</strong> da linha Tabacaria. Disponível na <strong>AquaFlora Agroshop</strong> com melhor custo-benefício.</p>\n<ul class=""product-features"">\n  <li>🏷️ <strong>Marca:</strong> Honest</li>\n  <li>📦 <strong>Categoria:</strong> Tabacaria</li>\n  <li>✅ <strong>Produto Original</strong> com garantia</li>\n  <li>🚚 <strong>Entrega Rápida</strong> para todo o Brasil</li>\n  <li>💳 <strong>Diversas formas de pagamento</strong></li>\n</ul>\n<div class=""cta-section"">\n<p>📞 <strong>Dúvidas?</strong> Nossa equipe está pronta para ajudar!</p>\n<p>⭐ <strong>AquaFlora Agroshop</strong> - Sua loja de confiança!</p>\n</div>\n</div>",,,taxable,,1,1,,0,0,,,,,1,,,"55,00",Tabacaria,"Honest, Tabacaria",,https://aquafloragroshop.com.br/wp-content/uploads/produtos/tabacaria/5229.jpg,,,,,,,,,0,Honest,Marca,Honest,1,1
54823,simple,5228,,Isqueiro Honest Bcz168,1,0,visible,Isqueiro Honest Bcz168 | Marca: Honest | Categoria: Tabacaria | AquaFlora Agroshop,"<div class=""product-description"">\n<h2>Isqueiro Honest Bcz168</h2>\n<p>Produto <strong>Honest</strong> da linha Tabacaria. Disponível na <strong>AquaFlora Agroshop</strong> com melhor custo-benefício.</p>\n<ul class=""product-features"">\n  <li>🏷️ <strong>Marca:</strong> Honest</li>\n  <li>📦 <strong>Categoria:</strong> Tabacaria</li>\n  <li>✅ <strong>Produto Original</strong> com garantia</li>\n  <li>🚚 <strong>Entrega Rápida</strong> para todo o Brasil</li>\n  <li>💳 <strong>Diversas formas de pagamento</strong></li>\n</ul>\n<div class=""cta-section"">\n<p>📞 <strong>Dúvidas?</strong> Nossa equipe está pronta para ajudar!</p>\n<p>⭐ <strong>AquaFlora Agroshop</strong> - Sua loja de confiança!</p>\n</div>\n</div>",,,taxable,,1,1,,0,0,,,,,1,,,"85,00",Tabacaria,"Honest, Tabacaria",,https://aquafloragroshop.com.br/wp-content/uploads/produtos/tabacaria/5228.jpg,,,,,,,,,0,Honest,Marca,Honest,1,1
54824,simple,5227,,Isqueiro Jian Tai Prata - Warning,1,0,visible,Isqueiro Jian Tai Prata - Warning | Marca: Warning | Categoria: Tabacaria | AquaFlora Agroshop,"<div class=""product-description"">\n<h2>Isqueiro Jian Tai Prata - Warning</h2>\n<p>Produto <strong>Warning</strong> da linha Tabacaria. Disponível na <strong>AquaFlora Agroshop</strong> com melhor custo-benefício.</p>\n<ul class=""product-features"">\n  <li>🏷️ <strong>Marca:</strong> Warning</li>\n  <li>📦 <strong>Categoria:</strong> Tabacaria</li>\n  <li>✅ <strong>Produto Original</strong> com garantia</li>\n  <li>🚚 <strong>Entrega Rápida</strong> para todo o Brasil</li>\n  <li>💳 <strong>Diversas formas de pagamento</strong></li>\n</ul>\n<div class=""cta-section"">\n<p>📞 <strong>Dúvidas?</strong> Nossa equipe está pronta para ajudar!</p>\n<p>⭐ <strong>AquaFlora Agroshop</strong> - Sua loja de confiança!</p>\n</div>\n</div>",,,taxable,,1,4,,0,0,,,,,1,,,"35,00",Tabacaria,"Tabacaria, Warning",,https://aquafloragroshop.com.br/wp-content/uploads/produtos/tabacaria/5227.jpg,,,,,,,,,0,Warning,Marca,Warning,1,1
54825,simple,7163,,Isqueiro Tipo Zippo - Villa`S,1,0,visible,Isqueiro Tipo Zippo - Villa`S | Marca: Villa`S | Categoria: Tabacaria | AquaFlora Agroshop,"<div class=""product-description"">\n<h2>Isqueiro Tipo Zippo - Villa`S</h2>\n<p>Produto <strong>Villa`S</strong> da linha Tabacaria. Disponível na <strong>AquaFlora Agroshop</strong> com melhor custo-benefício.</p>\n<ul class=""product-features"">\n  <li>🏷️ <strong>Marca:</strong> Villa`S</li>\n  <li>📦 <strong>Categoria:</strong> Tabacaria</li>\n  <li>✅ <strong>Produto Original</strong> com garantia</li>\n  <li>🚚 <strong>Entrega Rápida</strong> para todo o Brasil</li>\n  <li>💳 <strong>Diversas formas de pagamento</strong></li>\n</ul>\n<div class=""cta-section"">\n<p>📞 <strong>Dúvidas?</strong> Nossa equipe está pronta para ajudar!</p>\n<p>⭐ <strong>AquaFlora Agroshop</strong> - Sua loja de confiança!</p>\n</div>\n</div>",,,taxable,,1,22,,0,0,,,,,1,,,"29,90",Tabacaria,"Tabacaria, Villa`S",,https://aquafloragroshop.com.br/wp-content/uploads/produtos/tabacaria/7163.jpg,,,,,,,,,0,Villa`S,Marca,Villa`S,1,1
54826,simple,4959,,Isqueiro Tipo Zippo Adesivo,1,0,visible,Isqueiro Tipo Zippo Adesivo | Categoria: Tabacaria | AquaFlora Agroshop,"<div class=""product-description"">\n<h2>Isqueiro Tipo Zippo Adesivo</h2>\n<p>Produto de alta qualidade da categoria Tabacaria. Disponível na <strong>AquaFlora Agroshop</strong> com melhor custo-benefício.</p>\n<ul class=""product-features"">\n  <li>📦 <strong>Categoria:</strong> Tabacaria</li>\n  <li>✅ <strong>Produto Original</strong> com garantia</li>\n  <li>🚚 <strong>Entrega Rápida</strong> para todo o Brasil</li>\n  <li>💳 <strong>Diversas formas de pagamento</strong></li>\n</ul>\n<div class=""cta-section"">\n<p>📞 <strong>Dúvidas?</strong> Nossa equipe está pronta para ajudar!</p>\n<p>⭐ <strong>AquaFlora Agroshop</strong> - Sua loja de confiança!</p>\n</div>\n</div>",,,taxable,,1,3,,0,0,,,,,1,,,"22,00",Tabacaria,Tabacaria,,https://aquafloragroshop.com.br/wp-content/uploads/produtos/tabacaria/4959.jpg,,,,,,,,,0,,,,,
54827,simple,4961,,Isqueiro Zengas,1,0,visible,Isqueiro Zengas | Categoria: Tabacaria | AquaFlora Agroshop,"<div class=""product-description"">\n<h2>Isqueiro Zengas</h2>\n<p>Produto de alta qualidade da categoria Tabacaria. Disponível na <strong>AquaFlora Agroshop</strong> com melhor custo-benefício.</p>\n<ul class=""product-features"">\n  <li>📦 <strong>Categoria:</strong> Tabacaria</li>\n  <li>✅ <strong>Produto Original</strong> com garantia</li>\n  <li>🚚 <strong>Entrega Rápida</strong> para todo o Brasil</li>\n  <li>💳 <strong>Diversas formas de pagamento</strong></li>\n</ul>\n<div class=""cta-section"">\n<p>📞 <strong>Dúvidas?</strong> Nossa equipe está pronta para ajudar!</p>\n<p>⭐ <strong>AquaFlora Agroshop</strong> - Sua loja de confiança!</p>\n</div>\n</div>",,,taxable,,1,1,,0,0,,,,,1,,,"39,90",Tabacaria,Tabacaria,,https://aquafloragroshop.com.br/wp-content/uploads/produtos/tabacaria/4961.jpg,,,,,,,,,0,,,,,
54898,simple,3398,,Mangueira De Narguile,1,0,visible,Mangueira De Narguile | Categoria: Tabacaria | AquaFlora Agroshop,"<div class=""product-description"">\n<h2>Mangueira De Narguile</h2>\n<p>Produto de alta qualidade da categoria Tabacaria. Disponível na <strong>AquaFlora Agroshop</strong> com melhor custo-benefício.</p>\n<ul class=""product-features"">\n  <li>📦 <strong>Categoria:</strong> Tabacaria</li>\n  <li>✅ <strong>Produto Original</strong> com garantia</li>\n  <li>🚚 <strong>Entrega Rápida</strong> para todo o Brasil</li>\n  <li>💳 <strong>Diversas formas de pagamento</strong></li>\n</ul>\n<div class=""cta-section"">\n<p>📞 <strong>Dúvidas?</strong> Nossa equipe está pronta para ajudar!</p>\n<p>⭐ <strong>AquaFlora Agroshop</strong> - Sua loja de confiança!</p>\n</div>\n</div>",,,taxable,,1,4,,0,0,,,,,1,,,"19,90",Tabacaria,Tabacaria,,https://aquafloragroshop.com.br/wp-content/uploads/produtos/tabacaria/3398.jpg,,,,,,,,,0,,,,,
54968,simple,522,,Papel Aluminio Narguile,1,0,visible,Papel Aluminio Narguile | Categoria: Tabacaria | AquaFlora Agroshop,"<div class=""product-description"">\n<h2>Papel Aluminio Narguile</h2>\n<p>Produto de alta qualidade da categoria Tabacaria. Disponível na <strong>AquaFlora Agroshop</strong> com melhor custo-benefício.</p>\n<ul class=""product-features"">\n  <li>📦 <strong>Categoria:</strong> Tabacaria</li>\n  <li>✅ <strong>Produto Original</strong> com garantia</li>\n  <li>🚚 <strong>Entrega Rápida</strong> para todo o Brasil</li>\n  <li>💳 <strong>Diversas formas de pagamento</strong></li>\n</ul>\n<div class=""cta-section"">\n<p>📞 <strong>Dúvidas?</strong> Nossa equipe está pronta para ajudar!</p>\n<p>⭐ <strong>AquaFlora Agroshop</strong> - Sua loja de confiança!</p>\n</div>\n</div>",,,taxable,,1,64,,0,0,,,,,1,,,"0,50",Tabacaria,Tabacaria,,https://aquafloragroshop.com.br/wp-content/uploads/produtos/tabacaria/522.webp,,,,,,,,,0,,,,,
54977,simple,4195,,Pedra De Isqueiro - Zippo,1,0,visible,Pedra De Isqueiro - Zippo | Marca: Zippo | Categoria: Tabacaria | AquaFlora Agroshop,"<div class=""product-description"">\n<h2>Pedra De Isqueiro - Zippo</h2>\n<p>Produto <strong>Zippo</strong> da linha Tabacaria. Disponível na <strong>AquaFlora Agroshop</strong> com melhor custo-benefício.</p>\n<ul class=""product-features"">\n  <li>🏷️ <strong>Marca:</strong> Zippo</li>\n  <li>📦 <strong>Categoria:</strong> Tabacaria</li>\n  <li>✅ <strong>Produto Original</strong> com garantia</li>\n  <li>🚚 <strong>Entrega Rápida</strong> para todo o Brasil</li>\n  <li>💳 <strong>Diversas formas de pagamento</strong></li>\n</ul>\n<div class=""cta-section"">\n<p>📞 <strong>Dúvidas?</strong> Nossa equipe está pronta para ajudar!</p>\n<p>⭐ <strong>AquaFlora Agroshop</strong> - Sua loja de confiança!</p>\n</div>\n</div>",,,taxable,,1,9,,0,0,,,,,1,,,"7,00",Tabacaria,"Tabacaria, Zippo",,https://aquafloragroshop.com.br/wp-content/uploads/produtos/tabacaria/4195.jpg,,,,,,,,,0,Zippo,Marca,Zippo,1,1
55065,simple,742832179485,,Piteira Bem Bolado Girls In Green,1,0,visible,Piteira Bem Bolado Girls In Green | Marca: Bem Bolado | Categoria: Tabacaria | AquaFlora Agroshop,"<div class=""product-description"">\n<h2>Piteira Bem Bolado Girls In Green</h2>\n<p>Produto <strong>Bem Bolado</strong> da linha Tabacaria. Disponível na <strong>AquaFlora Agroshop</strong> com melhor custo-benefício.</p>\n<ul class=""product-features"">\n  <li>🏷️ <strong>Marca:</strong> Bem Bolado</li>\n  <li>📦 <strong>Categoria:</strong> Tabacaria</li>\n  <li>✅ <strong>Produto Original</strong> com garantia</li>\n  <li>🚚 <strong>Entrega Rápida</strong> para todo o Brasil</li>\n  <li>💳 <strong>Diversas formas de pagamento</strong></li>\n</ul>\n<div class=""cta-section"">\n<p>📞 <strong>Dúvidas?</strong> Nossa equipe está pronta para ajudar!</p>\n<p>⭐ <strong>AquaFlora Agroshop</strong> - Sua loja de confiança!</p>\n</div>\n</div>",,,taxable,,1,10,,0,0,,,,,1,,,"9,00",Tabacaria,"Bem Bolado, Tabacaria",,https://aquafloragroshop.com.br/wp-content/uploads/produtos/tabacaria/742832179485.jpg,,,,,,,,,0,Bem Bolado,Marca,Bem Bolado,1,1
55066,simple,3428,,Piteira Vidro 5Mm,1,0,visible,Piteira Vidro 5Mm | Categoria: Tabacaria | AquaFlora Agroshop,"<div class=""product-description"">\n<h2>Piteira Vidro 5Mm</h2>\n<p>Produto de alta qualidade da categoria Tabacaria. Disponível na <strong>AquaFlora Agroshop</strong> com melhor custo-benefício.</p>\n<ul class=""product-features"">\n  <li>📦 <strong>Categoria:</strong> Tabacaria</li>\n  <li>✅ <strong>Produto Original</strong> com garantia</li>\n  <li>🚚 <strong>Entrega Rápida</strong> para todo o Brasil</li>\n  <li>💳 <strong>Diversas formas de pagamento</strong></li>\n</ul>\n<div class=""cta-section"">\n<p>📞 <strong>Dúvidas?</strong> Nossa equipe está pronta para ajudar!</p>\n<p>⭐ <strong>AquaFlora Agroshop</strong> - Sua loja de confiança!</p>\n</div>\n</div>",,,taxable,,1,3,,0,0,,,,,1,,,"15,00",Tabacaria,Tabacaria,,https://aquafloragroshop.com.br/wp-content/uploads/produtos/tabacaria/3428.jpg,,,,,,,,,0,,,,,
55121,simple,395,,Recarga Fluido Isqueiro - Zippo,1,0,visible,Recarga Fluido Isqueiro - Zippo | Marca: Zippo | Categoria: Tabacaria | AquaFlora Agroshop,"<div class=""product-description"">\n<h2>Recarga Fluido Isqueiro - Zippo</h2>\n<p>Produto <strong>Zippo</strong> da linha Tabacaria. Disponível na <strong>AquaFlora Agroshop</strong> com melhor custo-benefício.</p>\n<ul class=""product-features"">\n  <li>🏷️ <strong>Marca:</strong> Zippo</li>\n  <li>📦 <strong>Categoria:</strong> Tabacaria</li>\n  <li>✅ <strong>Produto Original</strong> com garantia</li>\n  <li>🚚 <strong>Entrega Rápida</strong> para todo o Brasil</li>\n  <li>💳 <strong>Diversas formas de pagamento</strong></li>\n</ul>\n<div class=""cta-section"">\n<p>📞 <strong>Dúvidas?</strong> Nossa equipe está pronta para ajudar!</p>\n<p>⭐ <strong>AquaFlora Agroshop</strong> - Sua loja de confiança!</p>\n</div>\n</div>",,,taxable,,1,61,,0,0,,,,,1,,,"3,00",Tabacaria,"Tabacaria, Zippo",,https://aquafloragroshop.com.br/wp-content/uploads/produtos/tabacaria/395.jpg,,,,,,,,,0,Zippo,Marca,Zippo,1,1
55122,simple,7153,,Recarga Gas Isqueiro - Volcano,1,0,visible,Recarga Gas Isqueiro - Volcano | Marca: Volcano | Categoria: Tabacaria | AquaFlora Agroshop,"<div class=""product-description"">\n<h2>Recarga Gas Isqueiro - Volcano</h2>\n<p>Produto <strong>Volcano</strong> da linha Tabacaria. Disponível na <strong>AquaFlora Agroshop</strong> com melhor custo-benefício.</p>\n<ul class=""product-features"">\n  <li>🏷️ <strong>Marca:</strong> Volcano</li>\n  <li>📦 <strong>Categoria:</strong> Tabacaria</li>\n  <li>✅ <strong>Produto Original</strong> com garantia</li>\n  <li>🚚 <strong>Entrega Rápida</strong> para todo o Brasil</li>\n  <li>💳 <strong>Diversas formas de pagamento</strong></li>\n</ul>\n<div class=""cta-section"">\n<p>📞 <strong>Dúvidas?</strong> Nossa equipe está pronta para ajudar!</p>\n<p>⭐ <strong>AquaFlora Agroshop</strong> - Sua loja de confiança!</p>\n</div>\n</div>",,,taxable,,1,61,,0,0,,,,,1,,,"3,00",Tabacaria,"Tabacaria, Volcano",,https://aquafloragroshop.com.br/wp-content/uploads/produtos/tabacaria/7153.jpg,,,,,,,,,0,Volcano,Marca,Volcano,1,1
55643,simple,7897414100432,,Palha Juriti Tradicional 10 Palhas,0,0,visible,Palha Juriti Tradicional 10 Palhas | Marca: Juriti | Categoria: Tabacaria | AquaFlora Agroshop,"<div class=""product-description"">\n<h2>Palha Juriti Tradicional 10 Palhas</h2>\n<p>Produto <strong>Juriti</strong> da linha Tabacaria. Disponível na <strong>AquaFlora Agroshop</strong> com melhor custo-benefício.</p>\n<ul class=""product-features"">\n  <li>🏷️ <strong>Marca:</strong> Juriti</li>\n  <li>📦 <strong>Categoria:</strong> Tabacaria</li>\n  <li>✅ <strong>Produto Original</strong> com garantia</li>\n  <li>🚚 <strong>Entrega Rápida</strong> para todo o Brasil</li>\n  <li>💳 <strong>Diversas formas de pagamento</strong></li>\n</ul>\n<div class=""cta-section"">\n<p>📞 <strong>Dúvidas?</strong> Nossa equipe está pronta para ajudar!</p>\n<p>⭐ <strong>AquaFlora Agroshop</strong> - Sua loja de confiança!</p>\n</div>\n</div>",,,taxable,,0,0,,0,0,,,,,1,,,"2,50",Tabacaria,"Juriti, Tabacaria",,https://aquafloragroshop.com.br/wp-content/uploads/produtos/tabacaria/7897414100432.jpg,,,,,,,,,0,Juriti,Marca,Juriti,1,1
55647,simple,7897414101224,,Palheiro Pantaneiro Menta,1,0,visible,Palheiro Pantaneiro Menta | Marca: Pantaneiro | Categoria: Tabacaria | AquaFlora Agroshop,"<div class=""product-description"">\n<h2>Palheiro Pantaneiro Menta</h2>\n<p>Produto <strong>Pantaneiro</strong> da linha Tabacaria. Disponível na <strong>AquaFlora Agroshop</strong> com melhor custo-benefício.</p>\n<ul class=""product-features"">\n  <li>🏷️ <strong>Marca:</strong> Pantaneiro</li>\n  <li>📦 <strong>Categoria:</strong> Tabacaria</li>\n  <li>✅ <strong>Produto Original</strong> com garantia</li>\n  <li>🚚 <strong>Entrega Rápida</strong> para todo o Brasil</li>\n  <li>💳 <strong>Diversas formas de pagamento</strong></li>\n</ul>\n<div class=""cta-section"">\n<p>📞 <strong>Dúvidas?</strong> Nossa equipe está pronta para ajudar!</p>\n<p>⭐ <strong>AquaFlora Agroshop</strong> - Sua loja de confiança!</p>\n</div>\n</div>",,,taxable,,1,6,,0,0,,,,,1,,,"15,90",Tabacaria,"Pantaneiro, Tabacaria",,https://aquafloragroshop.com.br/wp-content/uploads/produtos/tabacaria/7897414101224.jpg,,,,,,,,,0,Pantaneiro,Marca,Pantaneiro,1,1
55649,simple,7898994570219,,Palheiro Paulistinha,1,0,visible,Palheiro Paulistinha | Marca: Paulistinha | Categoria: Tabacaria | AquaFlora Agroshop,"<div class=""product-description"">\n<h2>Palheiro Paulistinha</h2>\n<p>Produto <strong>Paulistinha</strong> da linha Tabacaria. Disponível na <strong>AquaFlora Agroshop</strong> com melhor custo-benefício.</p>\n<ul class=""product-features"">\n  <li>🏷️ <strong>Marca:</strong> Paulistinha</li>\n  <li>📦 <strong>Categoria:</strong> Tabacaria</li>\n  <li>✅ <strong>Produto Original</strong> com garantia</li>\n  <li>🚚 <strong>Entrega Rápida</strong> para todo o Brasil</li>\n  <li>💳 <strong>Diversas formas de pagamento</strong></li>\n</ul>\n<div class=""cta-section"">\n<p>📞 <strong>Dúvidas?</strong> Nossa equipe está pronta para ajudar!</p>\n<p>⭐ <strong>AquaFlora Agroshop</strong> - Sua loja de confiança!</p>\n</div>\n</div>",,,taxable,,1,13,,0,0,,,,,1,,,"38,90",Tabacaria,"Paulistinha, Tabacaria",,https://aquafloragroshop.com.br/wp-content/uploads/produtos/tabacaria/7898994570219.png,,,,,,,,,0,Paulistinha,Marca,Paulistinha,1,1
55823,simple,40232780912,,Piteira Bem Bolado,0,0,visible,Piteira Bem Bolado | Marca: Bem Bolado | Categoria: Tabacaria | AquaFlora Agroshop,"<div class=""product-description"">\n<h2>Piteira Bem Bolado</h2>\n<p>Produto <strong>Bem Bolado</strong> da linha Tabacaria. Disponível na <strong>AquaFlora Agroshop</strong> com melhor custo-benefício.</p>\n<ul class=""product-features"">\n  <li>🏷️ <strong>Marca:</strong> Bem Bolado</li>\n  <li>📦 <strong>Categoria:</strong> Tabacaria</li>\n  <li>✅ <strong>Produto Original</strong> com garantia</li>\n  <li>🚚 <strong>Entrega Rápida</strong> para todo o Brasil</li>\n  <li>💳 <strong>Diversas formas de pagamento</strong></li>\n</ul>\n<div class=""cta-section"">\n<p>📞 <strong>Dúvidas?</strong> Nossa equipe está pronta para ajudar!</p>\n<p>⭐ <strong>AquaFlora Agroshop</strong> - Sua loja de confiança!</p>\n</div>\n</div>",,,taxable,,0,0,,0,0,,,,,1,,,"5,00",Tabacaria,"Bem Bolado, Tabacaria",,https://aquafloragroshop.com.br/wp-content/uploads/produtos/tabacaria/40232780912.jpg,,,,,,,,,0,Bem Bolado,Marca,Bem Bolado,1,1
56528,simple,4704,,Bong Acrilico Grande Preto,1,0,visible,Bong Acrilico Grande Preto | Categoria: Tabacaria | AquaFlora Agroshop,"<div class=""product-description"">\n<h2>Bong Acrilico Grande Preto</h2>\n<p>Produto de alta qualidade da categoria Tabacaria. Disponível na <strong>AquaFlora Agroshop</strong> com melhor custo-benefício.</p>\n<ul class=""product-features"">\n  <li>📦 <strong>Categoria:</strong> Tabacaria</li>\n  <li>✅ <strong>Produto Original</strong> com garantia</li>\n  <li>🚚 <strong>Entrega Rápida</strong> para todo o Brasil</li>\n  <li>💳 <strong>Diversas formas de pagamento</strong></li>\n</ul>\n<div class=""cta-section"">\n<p>📞 <strong>Dúvidas?</strong> Nossa equipe está pronta para ajudar!</p>\n<p>⭐ <strong>AquaFlora Agroshop</strong> - Sua loja de confiança!</p>\n</div>\n</div>",,,taxable,,1,1,,0,0,,,,,1,,,"89,90",Tabacaria,Tabacaria,,https://aquafloragroshop.com.br/wp-content/uploads/produtos/tabacaria/4704.png,,,,,,,,,0,,,,,
56529,simple,4707,,Bong Acrilico Grande Rosa,1,0,visible,Bong Acrilico Grande Rosa | Categoria: Tabacaria | AquaFlora Agroshop,"<div class=""product-description"">\n<h2>Bong Acrilico Grande Rosa</h2>\n<p>Produto de alta qualidade da categoria Tabacaria. Disponível na <strong>AquaFlora Agroshop</strong> com melhor custo-benefício.</p>\n<ul class=""product-features"">\n  <li>📦 <strong>Categoria:</strong> Tabacaria</li>\n  <li>✅ <strong>Produto Original</strong> com garantia</li>\n  <li>🚚 <strong>Entrega Rápida</strong> para todo o Brasil</li>\n  <li>💳 <strong>Diversas formas de pagamento</strong></li>\n</ul>\n<div class=""cta-section"">\n<p>📞 <strong>Dúvidas?</strong> Nossa equipe está pronta para ajudar!</p>\n<p>⭐ <strong>AquaFlora Agroshop</strong> - Sua loja de confiança!</p>\n</div>\n</div>",,,taxable,,1,1,,0,0,,,,,1,,,"89,90",Tabacaria,Tabacaria,,https://aquafloragroshop.com.br/wp-content/uploads/produtos/tabacaria/4707.png,,,,,,,,,0,,,,,
56530,simple,4708,,Bong Acrilico Monn - Mb007,1,0,visible,Bong Acrilico Monn - Mb007 | Categoria: Tabacaria | AquaFlora Agroshop,"<div class=""product-description"">\n<h2>Bong Acrilico Monn - Mb007</h2>\n<p>Produto de alta qualidade da categoria Tabacaria. Disponível na <strong>AquaFlora Agroshop</strong> com melhor custo-benefício.</p>\n<ul class=""product-features"">\n  <li>📦 <strong>Categoria:</strong> Tabacaria</li>\n  <li>✅ <strong>Produto Original</strong> com garantia</li>\n  <li>🚚 <strong>Entrega Rápida</strong> para todo o Brasil</li>\n  <li>💳 <strong>Diversas formas de pagamento</strong></li>\n</ul>\n<div class=""cta-section"">\n<p>📞 <strong>Dúvidas?</strong> Nossa equipe está pronta para ajudar!</p>\n<p>⭐ <strong>AquaFlora Agroshop</strong> - Sua loja de confiança!</p>\n</div>\n</div>",,,taxable,,1,1,,0,0,,,,,1,,,"65,00",Tabacaria,Tabacaria,,https://aquafloragroshop.com.br/wp-content/uploads/produtos/tabacaria/4708.png,,,,,,,,,0,,,,,
56773,simple,4250351008095,,Cinzeiro Com Tampa - Ashtray,1,0,visible,Cinzeiro Com Tampa - Ashtray | Marca: Ashtray | Categoria: Tabacaria | AquaFlora Agroshop,"<div class=""product-description"">\n<h2>Cinzeiro Com Tampa - Ashtray</h2>\n<p>Produto <strong>Ashtray</strong> da linha Tabacaria. Disponível na <strong>AquaFlora Agroshop</strong> com melhor custo-benefício.</p>\n<ul class=""product-features"">\n  <li>🏷️ <strong>Marca:</strong> Ashtray</li>\n  <li>📦 <strong>Categoria:</strong> Tabacaria</li>\n  <li>✅ <strong>Produto Original</strong> com garantia</li>\n  <li>🚚 <strong>Entrega Rápida</strong> para todo o Brasil</li>\n  <li>💳 <strong>Diversas formas de pagamento</strong></li>\n</ul>\n<div class=""cta-section"">\n<p>📞 <strong>Dúvidas?</strong> Nossa equipe está pronta para ajudar!</p>\n<p>⭐ <strong>AquaFlora Agroshop</strong> - Sua loja de confiança!</p>\n</div>\n</div>",,,taxable,,1,1,,0,0,,,,,1,,,"29,90",Tabacaria,"Ashtray, Tabacaria",,https://aquafloragroshop.com.br/wp-content/uploads/produtos/tabacaria/4250351008095.jpg,,,,,,,,,0,Ashtray,Marca,Ashtray,1,1
56774,simple,1548508000201,,Cinzeiro Resina Caveira - Villa`S,1,0,visible,Cinzeiro Resina Caveira - Villa`S | Marca: Villa`S | Categoria: Tabacaria | AquaFlora Agroshop,"<div class=""product-description"">\n<h2>Cinzeiro Resina Caveira - Villa`S</h2>\n<p>Produto <strong>Villa`S</strong> da linha Tabacaria. Disponível na <strong>AquaFlora Agroshop</strong> com melhor custo-benefício.</p>\n<ul class=""product-features"">\n  <li>🏷️ <strong>Marca:</strong> Villa`S</li>\n  <li>📦 <strong>Categoria:</strong> Tabacaria</li>\n  <li>✅ <strong>Produto Original</strong> com garantia</li>\n  <li>🚚 <strong>Entrega Rápida</strong> para todo o Brasil</li>\n  <li>💳 <strong>Diversas formas de pagamento</strong></li>\n</ul>\n<div class=""cta-section"">\n<p>📞 <strong>Dúvidas?</strong> Nossa equipe está pronta para ajudar!</p>\n<p>⭐ <strong>AquaFlora Agroshop</strong> - Sua loja de confiança!</p>\n</div>\n</div>",,,taxable,,1,1,,0,0,,,,,1,,,"55,00",Tabacaria,"Tabacaria, Villa`S",,https://aquafloragroshop.com.br/wp-content/uploads/produtos/tabacaria/1548508000201.jpg,,,,,,,,,0,Villa`S,Marca,Villa`S,1,1
56775,simple,1065,,Cinzeiro Silicone Na Boa,1,0,visible,Cinzeiro Silicone Na Boa | Marca: Na Boa | Categoria: Tabacaria | AquaFlora Agroshop,"<div class=""product-description"">\n<h2>Cinzeiro Silicone Na Boa</h2>\n<p>Produto <strong>Na Boa</strong> da linha Tabacaria. Disponível na <strong>AquaFlora Agroshop</strong> com melhor custo-benefício.</p>\n<ul class=""product-features"">\n  <li>🏷️ <strong>Marca:</strong> Na Boa</li>\n  <li>📦 <strong>Categoria:</strong> Tabacaria</li>\n  <li>✅ <strong>Produto Original</strong> com garantia</li>\n  <li>🚚 <strong>Entrega Rápida</strong> para todo o Brasil</li>\n  <li>💳 <strong>Diversas formas de pagamento</strong></li>\n</ul>\n<div class=""cta-section"">\n<p>📞 <strong>Dúvidas?</strong> Nossa equipe está pronta para ajudar!</p>\n<p>⭐ <strong>AquaFlora Agroshop</strong> - Sua loja de confiança!</p>\n</div>\n</div>",,,taxable,,1,4,,0,0,,,,,1,,,"19,90",Tabacaria,"Na Boa, Tabacaria",,https://aquafloragroshop.com.br/wp-content/uploads/produtos/tabacaria/1065.png,,,,,,,,,0,Na Boa,Marca,Na Boa,1,1
56776,simple,3425,,Cinzeiro Silicone Pq - Villa`S,1,0,visible,Cinzeiro Silicone Pq - Villa`S | Marca: Villa`S | Categoria: Tabacaria | AquaFlora Agroshop,"<div class=""product-description"">\n<h2>Cinzeiro Silicone Pq - Villa`S</h2>\n<p>Produto <strong>Villa`S</strong> da linha Tabacaria. Disponível na <strong>AquaFlora Agroshop</strong> com melhor custo-benefício.</p>\n<ul class=""product-features"">\n  <li>🏷️ <strong>Marca:</strong> Villa`S</li>\n  <li>📦 <strong>Categoria:</strong> Tabacaria</li>\n  <li>✅ <strong>Produto Original</strong> com garantia</li>\n  <li>🚚 <strong>Entrega Rápida</strong> para todo o Brasil</li>\n  <li>💳 <strong>Diversas formas de pagamento</strong></li>\n</ul>\n<div class=""cta-section"">\n<p>📞 <strong>Dúvidas?</strong> Nossa equipe está pronta para ajudar!</p>\n<p>⭐ <strong>AquaFlora Agroshop</strong> - Sua loja de confiança!</p>\n</div>\n</div>",,,taxable,,1,1,,0,0,,,,,1,,,"35,00",Tabacaria,"Tabacaria, Villa`S",,https://aquafloragroshop.com.br/wp-content/uploads/produtos/tabacaria/3425.webp,,,,,,,,,0,Villa`S,Marca,Villa`S,1,1
57038,simple,41689300494,,Fluido Zippo 125 ml,0,0,visible,Fluido Zippo 125 ml | Marca: Zippo | Categoria: Tabacaria | AquaFlora Agroshop,"<div class=""product-description"">\n<h2>Fluido Zippo 125 ml</h2>\n<p>Produto <strong>Zippo</strong> da linha Tabacaria. Disponível na <strong>AquaFlora Agroshop</strong> com <strong>0.125 Kg</strong> e melhor custo-benefício.</p>\n<ul class=""product-features"">\n  <li>🏷️ <strong>Marca:</strong> Zippo</li>\n    <li>⚖️ <strong>Peso/Conteúdo:</strong> 0.125 Kg (1x 0.125 Kg)</li>\n  <li>📦 <strong>Categoria:</strong> Tabacaria</li>\n  <li>✅ <strong>Produto Original</strong> com garantia</li>\n  <li>🚚 <strong>Entrega Rápida</strong> para todo o Brasil</li>\n  <li>💳 <strong>Diversas formas de pagamento</strong></li>\n</ul>\n<div class=""cta-section"">\n<p>📞 <strong>Dúvidas?</strong> Nossa equipe está pronta para ajudar!</p>\n<p>⭐ <strong>AquaFlora Agroshop</strong> - Sua loja de confiança!</p>\n</div>\n</div>",,,taxable,,0,0,,0,0,0.125,,,,1,,,"35,00",Tabacaria,"Tabacaria, Zippo",,https://aquafloragroshop.com.br/wp-content/uploads/produtos/tabacaria/41689300494.jpg,,,,,,,,,0,Zippo,Marca,Zippo,1,1
57052,simple,3122,,Fogareiro Eletrico 110V - Villa`S,1,0,visible,Fogareiro Eletrico 110V - Villa`S | Marca: Villa`S | Categoria: Tabacaria | AquaFlora Agroshop,"<div class=""product-description"">\n<h2>Fogareiro Eletrico 110V - Villa`S</h2>\n<p>Produto <strong>Villa`S</strong> da linha Tabacaria. Disponível na <strong>AquaFlora Agroshop</strong> com melhor custo-benefício.</p>\n<ul class=""product-features"">\n  <li>🏷️ <strong>Marca:</strong> Villa`S</li>\n  <li>📦 <strong>Categoria:</strong> Tabacaria</li>\n  <li>✅ <strong>Produto Original</strong> com garantia</li>\n  <li>🚚 <strong>Entrega Rápida</strong> para todo o Brasil</li>\n  <li>💳 <strong>Diversas formas de pagamento</strong></li>\n</ul>\n<div class=""cta-section"">\n<p>📞 <strong>Dúvidas?</strong> Nossa equipe está pronta para ajudar!</p>\n<p>⭐ <strong>AquaFlora Agroshop</strong> - Sua loja de confiança!</p>\n</div>\n</div>",,,taxable,,1,1,,0,0,,,,,1,,,"59,90",Tabacaria,"Tabacaria, Villa`S",,https://aquafloragroshop.com.br/wp-content/uploads/produtos/tabacaria/3122.png,,,,,,,,,0,Villa`S,Marca,Villa`S,1,1
57074,simple,7897414100197,,Fumo Desfiado Juriti 30G,1,0,visible,Fumo Desfiado Juriti 30G | Marca: Juriti | Categoria: Tabacaria | AquaFlora Agroshop,"<div class=""product-description"">\n<h2>Fumo Desfiado Juriti 30G</h2>\n<p>Produto <strong>Juriti</strong> da linha Tabacaria. Disponível na <strong>AquaFlora Agroshop</strong> com <strong>0.030 Kg</strong> e melhor custo-benefício.</p>\n<ul class=""product-features"">\n  <li>🏷️ <strong>Marca:</strong> Juriti</li>\n    <li>⚖️ <strong>Peso/Conteúdo:</strong> 0.030 Kg (1x 0.030 Kg)</li>\n  <li>📦 <strong>Categoria:</strong> Tabacaria</li>\n  <li>✅ <strong>Produto Original</strong> com garantia</li>\n  <li>🚚 <strong>Entrega Rápida</strong> para todo o Brasil</li>\n  <li>💳 <strong>Diversas formas de pagamento</strong></li>\n</ul>\n<div class=""cta-section"">\n<p>📞 <strong>Dúvidas?</strong> Nossa equipe está pronta para ajudar!</p>\n<p>⭐ <strong>AquaFlora Agroshop</strong> - Sua loja de confiança!</p>\n</div>\n</div>",,,taxable,,1,7,,0,0,0.03,,,,1,,,"6,00",Tabacaria,"Juriti, Tabacaria",,https://aquafloragroshop.com.br/wp-content/uploads/produtos/tabacaria/7897414100197.png,,,,,,,,,0,Juriti,Marca,Juriti,1,1
57133,simple,7898972136017,,Gas Bullfire 300Ml - Zippo,1,0,visible,Gas Bullfire 300Ml - Zippo | Marca: Zippo | Categoria: Tabacaria | AquaFlora Agroshop,"<div class=""product-description"">\n<h2>Gas Bullfire 300Ml - Zippo</h2>\n<p>Produto <strong>Zippo</strong> da linha Tabacaria. Disponível na <strong>AquaFlora Agroshop</strong> com <strong>0.300 Kg</strong> e melhor custo-benefício.</p>\n<ul class=""product-features"">\n  <li>🏷️ <strong>Marca:</strong> Zippo</li>\n    <li>⚖️ <strong>Peso/Conteúdo:</strong> 0.300 Kg (1x 0.300 Kg)</li>\n  <li>📦 <strong>Categoria:</strong> Tabacaria</li>\n  <li>✅ <strong>Produto Original</strong> com garantia</li>\n  <li>🚚 <strong>Entrega Rápida</strong> para todo o Brasil</li>\n  <li>💳 <strong>Diversas formas de pagamento</strong></li>\n</ul>\n<div class=""cta-section"">\n<p>📞 <strong>Dúvidas?</strong> Nossa equipe está pronta para ajudar!</p>\n<p>⭐ <strong>AquaFlora Agroshop</strong> - Sua loja de confiança!</p>\n</div>\n</div>",,,taxable,,1,1,,0,0,0.3,,,,1,,,"25,00",Tabacaria,"Tabacaria, Zippo",,https://aquafloragroshop.com.br/wp-content/uploads/produtos/tabacaria/7898972136017.jpg,,,,,,,,,0,Zippo,Marca,Zippo,1,1
57281,simple,70330909229,,Isqueiro Bic,1,0,visible,Isqueiro Bic | Marca: Bic | Categoria: Tabacaria | AquaFlora Agroshop,"<div class=""product-description"">\n<h2>Isqueiro Bic</h2>\n<p>Produto <strong>Bic</strong> da linha Tabacaria. Disponível na <strong>AquaFlora Agroshop</strong> com melhor custo-benefício.</p>\n<ul class=""product-features"">\n  <li>🏷️ <strong>Marca:</strong> Bic</li>\n  <li>📦 <strong>Categoria:</strong> Tabacaria</li>\n  <li>✅ <strong>Produto Original</strong> com garantia</li>\n  <li>🚚 <strong>Entrega Rápida</strong> para todo o Brasil</li>\n  <li>💳 <strong>Diversas formas de pagamento</strong></li>\n</ul>\n<div class=""cta-section"">\n<p>📞 <strong>Dúvidas?</strong> Nossa equipe está pronta para ajudar!</p>\n<p>⭐ <strong>AquaFlora Agroshop</strong> - Sua loja de confiança!</p>\n</div>\n</div>",,,taxable,,1,15,,0,0,,,,,1,,,"7,00",Tabacaria,"Bic, Tabacaria",,https://aquafloragroshop.com.br/wp-content/uploads/produtos/tabacaria/70330909229.jpg,,,,,,,,,0,Bic,Marca,Bic,1,1
57282,simple,609963921416,,Isqueiro Macarico - Firestar,1,0,visible,Isqueiro Macarico - Firestar | Marca: Firestar | Categoria: Tabacaria | AquaFlora Agroshop,"<div class=""product-description"">\n<h2>Isqueiro Macarico - Firestar</h2>\n<p>Produto <strong>Firestar</strong> da linha Tabacaria. Disponível na <strong>AquaFlora Agroshop</strong> com melhor custo-benefício.</p>\n<ul class=""product-features"">\n  <li>🏷️ <strong>Marca:</strong> Firestar</li>\n  <li>📦 <strong>Categoria:</strong> Tabacaria</li>\n  <li>✅ <strong>Produto Original</strong> com garantia</li>\n  <li>🚚 <strong>Entrega Rápida</strong> para todo o Brasil</li>\n  <li>💳 <strong>Diversas formas de pagamento</strong></li>\n</ul>\n<div class=""cta-section"">\n<p>📞 <strong>Dúvidas?</strong> Nossa equipe está pronta para ajudar!</p>\n<p>⭐ <strong>AquaFlora Agroshop</strong> - Sua loja de confiança!</p>\n</div>\n</div>",,,taxable,,1,2,,0,0,,,,,1,,,"19,90",Tabacaria,"Firestar, Tabacaria",,https://aquafloragroshop.com.br/wp-content/uploads/produtos/tabacaria/609963921416.jpg,,,,,,,,,0,Firestar,Marca,Firestar,1,1
57283,simple,3057069218010,,Isqueiro Ocb,0,0,visible,Isqueiro Ocb | Marca: Ocb | Categoria: Tabacaria | AquaFlora Agroshop,"<div class=""product-description"">\n<h2>Isqueiro Ocb</h2>\n<p>Produto <strong>Ocb</strong> da linha Tabacaria. Disponível na <strong>AquaFlora Agroshop</strong> com melhor custo-benefício.</p>\n<ul class=""product-features"">\n  <li>🏷️ <strong>Marca:</strong> Ocb</li>\n  <li>📦 <strong>Categoria:</strong> Tabacaria</li>\n  <li>✅ <strong>Produto Original</strong> com garantia</li>\n  <li>🚚 <strong>Entrega Rápida</strong> para todo o Brasil</li>\n  <li>💳 <strong>Diversas formas de pagamento</strong></li>\n</ul>\n<div class=""cta-section"">\n<p>📞 <strong>Dúvidas?</strong> Nossa equipe está pronta para ajudar!</p>\n<p>⭐ <strong>AquaFlora Agroshop</strong> - Sua loja de confiança!</p>\n</div>\n</div>",,,taxable,,0,0,,0,0,,,,,1,,,"6,00",Tabacaria,"Ocb, Tabacaria",,https://aquafloragroshop.com.br/wp-content/uploads/produtos/tabacaria/3057069218010.jpg,,,,,,,,,0,Ocb,Marca,Ocb,1,1
57497,simple,7897414100814,,Palha Zap Branca - Juriti,1,0,visible,Palha Zap Branca - Juriti | Marca: Juriti | Categoria: Tabacaria | AquaFlora Agroshop,"<div class=""product-description"">\n<h2>Palha Zap Branca - Juriti</h2>\n<p>Produto <strong>Juriti</strong> da linha Tabacaria. Disponível na <strong>AquaFlora Agroshop</strong> com melhor custo-benefício.</p>\n<ul class=""product-features"">\n  <li>🏷️ <strong>Marca:</strong> Juriti</li>\n  <li>📦 <strong>Categoria:</strong> Tabacaria</li>\n  <li>✅ <strong>Produto Original</strong> com garantia</li>\n  <li>🚚 <strong>Entrega Rápida</strong> para todo o Brasil</li>\n  <li>💳 <strong>Diversas formas de pagamento</strong></li>\n</ul>\n<div class=""cta-section"">\n<p>📞 <strong>Dúvidas?</strong> Nossa equipe está pronta para ajudar!</p>\n<p>⭐ <strong>AquaFlora Agroshop</strong> - Sua loja de confiança!</p>\n</div>\n</div>",,,taxable,,1,30,,0,0,,,,,1,,,"7,00",Tabacaria,"Juriti, Tabacaria",,https://aquafloragroshop.com.br/wp-content/uploads/produtos/tabacaria/7897414100814.jpg,,,,,,,,,0,Juriti,Marca,Juriti,1,1
57499,simple,7897414100906,,Papel Fino Para Cigarrilha Com 50 Folhas - Juriti,1,0,visible,Papel Fino Para Cigarrilha Com 50 Folhas - Juriti | Marca: Juriti | Categoria: Tabacaria | AquaFlora Agroshop,"<div class=""product-description"">\n<h2>Papel Fino Para Cigarrilha Com 50 Folhas - Juriti</h2>\n<p>Produto <strong>Juriti</strong> da linha Tabacaria. Disponível na <strong>AquaFlora Agroshop</strong> com melhor custo-benefício.</p>\n<ul class=""product-features"">\n  <li>🏷️ <strong>Marca:</strong> Juriti</li>\n  <li>📦 <strong>Categoria:</strong> Tabacaria</li>\n  <li>✅ <strong>Produto Original</strong> com garantia</li>\n  <li>🚚 <strong>Entrega Rápida</strong> para todo o Brasil</li>\n  <li>💳 <strong>Diversas formas de pagamento</strong></li>\n</ul>\n<div class=""cta-section"">\n<p>📞 <strong>Dúvidas?</strong> Nossa equipe está pronta para ajudar!</p>\n<p>⭐ <strong>AquaFlora Agroshop</strong> - Sua loja de confiança!</p>\n</div>\n</div>",,,taxable,,1,26,,0,0,,,,,1,,,"1,00",Tabacaria,"Juriti, Tabacaria",,https://aquafloragroshop.com.br/wp-content/uploads/produtos/tabacaria/7897414100906.jpg,,,,,,,,,0,Juriti,Marca,Juriti,1,1
57605,simple,40232885501,,Piteira Bem Bolado Pop Slim,1,0,visible,Piteira Bem Bolado Pop Slim | Marca: Bem Bolado | Categoria: Tabacaria | AquaFlora Agroshop,"<div class=""product-description"">\n<h2>Piteira Bem Bolado Pop Slim</h2>\n<p>Produto <strong>Bem Bolado</strong> da linha Tabacaria. Disponível na <strong>AquaFlora Agroshop</strong> com melhor custo-benefício.</p>\n<ul class=""product-features"">\n  <li>🏷️ <strong>Marca:</strong> Bem Bolado</li>\n  <li>📦 <strong>Categoria:</strong> Tabacaria</li>\n  <li>✅ <strong>Produto Original</strong> com garantia</li>\n  <li>🚚 <strong>Entrega Rápida</strong> para todo o Brasil</li>\n  <li>💳 <strong>Diversas formas de pagamento</strong></li>\n</ul>\n<div class=""cta-section"">\n<p>📞 <strong>Dúvidas?</strong> Nossa equipe está pronta para ajudar!</p>\n<p>⭐ <strong>AquaFlora Agroshop</strong> - Sua loja de confiança!</p>\n</div>\n</div>",,,taxable,,1,27,,0,0,,,,,1,,,"4,00",Tabacaria,"Bem Bolado, Tabacaria",,https://aquafloragroshop.com.br/wp-content/uploads/produtos/tabacaria/40232885501.jpg,,,,,,,,,0,Bem Bolado,Marca,Bem Bolado,1,1
57606,simple,606529808105,,Piteira Targard,1,0,visible,Piteira Targard | Categoria: Tabacaria | AquaFlora Agroshop,"<div class=""product-description"">\n<h2>Piteira Targard</h2>\n<p>Produto de alta qualidade da categoria Tabacaria. Disponível na <strong>AquaFlora Agroshop</strong> com melhor custo-benefício.</p>\n<ul class=""product-features"">\n  <li>📦 <strong>Categoria:</strong> Tabacaria</li>\n  <li>✅ <strong>Produto Original</strong> com garantia</li>\n  <li>🚚 <strong>Entrega Rápida</strong> para todo o Brasil</li>\n  <li>💳 <strong>Diversas formas de pagamento</strong></li>\n</ul>\n<div class=""cta-section"">\n<p>📞 <strong>Dúvidas?</strong> Nossa equipe está pronta para ajudar!</p>\n<p>⭐ <strong>AquaFlora Agroshop</strong> - Sua loja de confiança!</p>\n</div>\n</div>",,,taxable,,1,3,,0,0,,,,,1,,,"15,00",Tabacaria,Tabacaria,,https://aquafloragroshop.com.br/wp-content/uploads/produtos/tabacaria/606529808105.jpg,,,,,,,,,0,,,,,
57680,simple,4451,,Rape Tupi Cravo 12G,1,0,visible,Rape Tupi Cravo 12G | Marca: Rape Tupi | Categoria: Tabacaria | AquaFlora Agroshop,"<div class=""product-description"">\n<h2>Rape Tupi Cravo 12G</h2>\n<p>Produto <strong>Rape Tupi</strong> da linha Tabacaria. Disponível na <strong>AquaFlora Agroshop</strong> com <strong>0.012 Kg</strong> e melhor custo-benefício.</p>\n<ul class=""product-features"">\n  <li>🏷️ <strong>Marca:</strong> Rape Tupi</li>\n    <li>⚖️ <strong>Peso/Conteúdo:</strong> 0.012 Kg (1x 0.012 Kg)</li>\n  <li>📦 <strong>Categoria:</strong> Tabacaria</li>\n  <li>✅ <strong>Produto Original</strong> com garantia</li>\n  <li>🚚 <strong>Entrega Rápida</strong> para todo o Brasil</li>\n  <li>💳 <strong>Diversas formas de pagamento</strong></li>\n</ul>\n<div class=""cta-section"">\n<p>📞 <strong>Dúvidas?</strong> Nossa equipe está pronta para ajudar!</p>\n<p>⭐ <strong>AquaFlora Agroshop</strong> - Sua loja de confiança!</p>\n</div>\n</div>",,,taxable,,1,1,,0,0,0.012,,,,1,,,"7,00",Tabacaria,"Rape Tupi, Tabacaria",,https://aquafloragroshop.com.br/wp-content/uploads/produtos/tabacaria/4451.png,,,,,,,,,0,Rape Tupi,Marca,Rape Tupi,1,1
57681,simple,4450,,Rape Tupi Cravo E Canela 12G,1,0,visible,Rape Tupi Cravo E Canela 12G | Marca: Rape Tupi | Categoria: Tabacaria | AquaFlora Agroshop,"<div class=""product-description"">\n<h2>Rape Tupi Cravo E Canela 12G</h2>\n<p>Produto <strong>Rape Tupi</strong> da linha Tabacaria. Disponível na <strong>AquaFlora Agroshop</strong> com <strong>0.012 Kg</strong> e melhor custo-benefício.</p>\n<ul class=""product-features"">\n  <li>🏷️ <strong>Marca:</strong> Rape Tupi</li>\n    <li>⚖️ <strong>Peso/Conteúdo:</strong> 0.012 Kg (1x 0.012 Kg)</li>\n  <li>📦 <strong>Categoria:</strong> Tabacaria</li>\n  <li>✅ <strong>Produto Original</strong> com garantia</li>\n  <li>🚚 <strong>Entrega Rápida</strong> para todo o Brasil</li>\n  <li>💳 <strong>Diversas formas de pagamento</strong></li>\n</ul>\n<div class=""cta-section"">\n<p>📞 <strong>Dúvidas?</strong> Nossa equipe está pronta para ajudar!</p>\n<p>⭐ <strong>AquaFlora Agroshop</strong> - Sua loja de confiança!</p>\n</div>\n</div>",,,taxable,,1,11,,0,0,0.012,,,,1,,,"7,00",Tabacaria,"Rape Tupi, Tabacaria",,https://aquafloragroshop.com.br/wp-content/uploads/produtos/tabacaria/4450.png,,,,,,,,,0,Rape Tupi,Marca,Rape Tupi,1,1
57682,simple,3379,,Rape Tupi Imburana 12G,1,0,visible,Rape Tupi Imburana 12G | Marca: Rape Tupi | Categoria: Tabacaria | AquaFlora Agroshop,"<div class=""product-description"">\n<h2>Rape Tupi Imburana 12G</h2>\n<p>Produto <strong>Rape Tupi</strong> da linha Tabacaria. Disponível na <strong>AquaFlora Agroshop</strong> com <strong>0.012 Kg</strong> e melhor custo-benefício.</p>\n<ul class=""product-features"">\n  <li>🏷️ <strong>Marca:</strong> Rape Tupi</li>\n    <li>⚖️ <strong>Peso/Conteúdo:</strong> 0.012 Kg (1x 0.012 Kg)</li>\n  <li>📦 <strong>Categoria:</strong> Tabacaria</li>\n  <li>✅ <strong>Produto Original</strong> com garantia</li>\n  <li>🚚 <strong>Entrega Rápida</strong> para todo o Brasil</li>\n  <li>💳 <strong>Diversas formas de pagamento</strong></li>\n</ul>\n<div class=""cta-section"">\n<p>📞 <strong>Dúvidas?</strong> Nossa equipe está pronta para ajudar!</p>\n<p>⭐ <strong>AquaFlora Agroshop</strong> - Sua loja de confiança!</p>\n</div>\n</div>",,,taxable,,1,9,,0,0,0.012,,,,1,,,"7,00",Tabacaria,"Rape Tupi, Tabacaria",,https://aquafloragroshop.com.br/wp-content/uploads/produtos/tabacaria/3379.png,,,,,,,,,0,Rape Tupi,Marca,Rape Tupi,1,1
57683,simple,4876,,Rape Tupi Mentolado 12G,1,0,visible,Rape Tupi Mentolado 12G | Marca: Rape Tupi | Categoria: Tabacaria | AquaFlora Agroshop,"<div class=""product-description"">\n<h2>Rape Tupi Mentolado 12G</h2>\n<p>Produto <strong>Rape Tupi</strong> da linha Tabacaria. Disponível na <strong>AquaFlora Agroshop</strong> com <strong>0.012 Kg</strong> e melhor custo-benefício.</p>\n<ul class=""product-features"">\n  <li>🏷️ <strong>Marca:</strong> Rape Tupi</li>\n    <li>⚖️ <strong>Peso/Conteúdo:</strong> 0.012 Kg (1x 0.012 Kg)</li>\n  <li>📦 <strong>Categoria:</strong> Tabacaria</li>\n  <li>✅ <strong>Produto Original</strong> com garantia</li>\n  <li>🚚 <strong>Entrega Rápida</strong> para todo o Brasil</li>\n  <li>💳 <strong>Diversas formas de pagamento</strong></li>\n</ul>\n<div class=""cta-section"">\n<p>📞 <strong>Dúvidas?</strong> Nossa equipe está pronta para ajudar!</p>\n<p>⭐ <strong>AquaFlora Agroshop</strong> - Sua loja de confiança!</p>\n</div>\n</div>",,,taxable,,1,20,,0,0,0.012,,,,1,,,"7,00",Tabacaria,"Rape Tupi, Tabacaria",,https://aquafloragroshop.com.br/wp-content/uploads/produtos/tabacaria/4876.png,,,,,,,,,0,Rape Tupi,Marca,Rape Tupi,1,1
57758,simple,7891238001012,,Saborizante Cereja Ice - Yellow Finger,1,0,visible,Saborizante Cereja Ice - Yellow Finger | Marca: Yellow Finger | Categoria: Tabacaria | AquaFlora Agroshop,"<div class=""product-description"">\n<h2>Saborizante Cereja Ice - Yellow Finger</h2>\n<p>Produto <strong>Yellow Finger</strong> da linha Tabacaria. Disponível na <strong>AquaFlora Agroshop</strong> com melhor custo-benefício.</p>\n<ul class=""product-features"">\n  <li>🏷️ <strong>Marca:</strong> Yellow Finger</li>\n  <li>📦 <strong>Categoria:</strong> Tabacaria</li>\n  <li>✅ <strong>Produto Original</strong> com garantia</li>\n  <li>🚚 <strong>Entrega Rápida</strong> para todo o Brasil</li>\n  <li>💳 <strong>Diversas formas de pagamento</strong></li>\n</ul>\n<div class=""cta-section"">\n<p>📞 <strong>Dúvidas?</strong> Nossa equipe está pronta para ajudar!</p>\n<p>⭐ <strong>AquaFlora Agroshop</strong> - Sua loja de confiança!</p>\n</div>\n</div>",,,taxable,,1,25,,0,0,,,,,1,,,"15,00",Tabacaria,"Tabacaria, Yellow Finger",,https://aquafloragroshop.com.br/wp-content/uploads/produtos/tabacaria/7891238001012.jpg,,,,,,,,,0,Yellow Finger,Marca,Yellow Finger,1,1
57799,simple,7898634871003,,Seda Aleda Celulose - King Size,1,0,visible,Seda Aleda Celulose - King Size | Marca: King Size | Categoria: Tabacaria | AquaFlora Agroshop,"<div class=""product-description"">\n<h2>Seda Aleda Celulose - King Size</h2>\n<p>Produto <strong>King Size</strong> da linha Tabacaria. Disponível na <strong>AquaFlora Agroshop</strong> com melhor custo-benefício.</p>\n<ul class=""product-features"">\n  <li>🏷️ <strong>Marca:</strong> King Size</li>\n  <li>📦 <strong>Categoria:</strong> Tabacaria</li>\n  <li>✅ <strong>Produto Original</strong> com garantia</li>\n  <li>🚚 <strong>Entrega Rápida</strong> para todo o Brasil</li>\n  <li>💳 <strong>Diversas formas de pagamento</strong></li>\n</ul>\n<div class=""cta-section"">\n<p>📞 <strong>Dúvidas?</strong> Nossa equipe está pronta para ajudar!</p>\n<p>⭐ <strong>AquaFlora Agroshop</strong> - Sua loja de confiança!</p>\n</div>\n</div>",,,taxable,,1,13,,0,0,,,,,1,,,"7,00",Tabacaria,"King Size, Tabacaria",,https://aquafloragroshop.com.br/wp-content/uploads/produtos/tabacaria/7898634871003.webp,,,,,,,,,0,King Size,Marca,King Size,1,1
57800,simple,742832250474,,Seda Bem Bolado Brown King Size Slim,1,0,visible,Seda Bem Bolado Brown King Size Slim | Marca: Bem Bolado | Categoria: Tabacaria | AquaFlora Agroshop,"<div class=""product-description"">\n<h2>Seda Bem Bolado Brown King Size Slim</h2>\n<p>Produto <strong>Bem Bolado</strong> da linha Tabacaria. Disponível na <strong>AquaFlora Agroshop</strong> com melhor custo-benefício.</p>\n<ul class=""product-features"">\n  <li>🏷️ <strong>Marca:</strong> Bem Bolado</li>\n  <li>📦 <strong>Categoria:</strong> Tabacaria</li>\n  <li>✅ <strong>Produto Original</strong> com garantia</li>\n  <li>🚚 <strong>Entrega Rápida</strong> para todo o Brasil</li>\n  <li>💳 <strong>Diversas formas de pagamento</strong></li>\n</ul>\n<div class=""cta-section"">\n<p>📞 <strong>Dúvidas?</strong> Nossa equipe está pronta para ajudar!</p>\n<p>⭐ <strong>AquaFlora Agroshop</strong> - Sua loja de confiança!</p>\n</div>\n</div>",,,taxable,,1,3,,0,0,,,,,1,,,"7,00",Tabacaria,"Bem Bolado, Tabacaria",,https://aquafloragroshop.com.br/wp-content/uploads/produtos/tabacaria/742832250474.jpg,,,,,,,,,0,Bem Bolado,Marca,Bem Bolado,1,1
57801,simple,7898587320139,,Seda Bros - Sgs,0,0,visible,Seda Bros - Sgs | Marca: Sgs | Categoria: Tabacaria | AquaFlora Agroshop,"<div class=""product-description"">\n<h2>Seda Bros - Sgs</h2>\n<p>Produto <strong>Sgs</strong> da linha Tabacaria. Disponível na <strong>AquaFlora Agroshop</strong> com melhor custo-benefício.</p>\n<ul class=""product-features"">\n  <li>🏷️ <strong>Marca:</strong> Sgs</li>\n  <li>📦 <strong>Categoria:</strong> Tabacaria</li>\n  <li>✅ <strong>Produto Original</strong> com garantia</li>\n  <li>🚚 <strong>Entrega Rápida</strong> para todo o Brasil</li>\n  <li>💳 <strong>Diversas formas de pagamento</strong></li>\n</ul>\n<div class=""cta-section"">\n<p>📞 <strong>Dúvidas?</strong> Nossa equipe está pronta para ajudar!</p>\n<p>⭐ <strong>AquaFlora Agroshop</strong> - Sua loja de confiança!</p>\n</div>\n</div>",,,taxable,,0,0,,0,0,,,,,1,,,"6,00",Tabacaria,"Sgs, Tabacaria",,https://aquafloragroshop.com.br/wp-content/uploads/produtos/tabacaria/7898587320139.jpg,,,,,,,,,0,Sgs,Marca,Sgs,1,1
57805,simple,7898634871638,,Seda King Mel - Aleda,0,0,visible,Seda King Mel - Aleda | Marca: Aleda | Categoria: Tabacaria | AquaFlora Agroshop,"<div class=""product-description"">\n<h2>Seda King Mel - Aleda</h2>\n<p>Produto <strong>Aleda</strong> da linha Tabacaria. Disponível na <strong>AquaFlora Agroshop</strong> com melhor custo-benefício.</p>\n<ul class=""product-features"">\n  <li>🏷️ <strong>Marca:</strong> Aleda</li>\n  <li>📦 <strong>Categoria:</strong> Tabacaria</li>\n  <li>✅ <strong>Produto Original</strong> com garantia</li>\n  <li>🚚 <strong>Entrega Rápida</strong> para todo o Brasil</li>\n  <li>💳 <strong>Diversas formas de pagamento</strong></li>\n</ul>\n<div class=""cta-section"">\n<p>📞 <strong>Dúvidas?</strong> Nossa equipe está pronta para ajudar!</p>\n<p>⭐ <strong>AquaFlora Agroshop</strong> - Sua loja de confiança!</p>\n</div>\n</div>",,,taxable,,0,0,,0,0,,,,,1,,,"11,99",Tabacaria,"Aleda, Tabacaria",,https://aquafloragroshop.com.br/wp-content/uploads/produtos/tabacaria/7898634871638.jpg,,,,,,,,,0,Aleda,Marca,Aleda,1,1
57806,simple,7898634871706,,Seda King Melancia - Aleda,0,0,visible,Seda King Melancia - Aleda | Marca: Aleda | Categoria: Tabacaria | AquaFlora Agroshop,"<div class=""product-description"">\n<h2>Seda King Melancia - Aleda</h2>\n<p>Produto <strong>Aleda</strong> da linha Tabacaria. Disponível na <strong>AquaFlora Agroshop</strong> com melhor custo-benefício.</p>\n<ul class=""product-features"">\n  <li>🏷️ <strong>Marca:</strong> Aleda</li>\n  <li>📦 <strong>Categoria:</strong> Tabacaria</li>\n  <li>✅ <strong>Produto Original</strong> com garantia</li>\n  <li>🚚 <strong>Entrega Rápida</strong> para todo o Brasil</li>\n  <li>💳 <strong>Diversas formas de pagamento</strong></li>\n</ul>\n<div class=""cta-section"">\n<p>📞 <strong>Dúvidas?</strong> Nossa equipe está pronta para ajudar!</p>\n<p>⭐ <strong>AquaFlora Agroshop</strong> - Sua loja de confiança!</p>\n</div>\n</div>",,,taxable,,0,0,,0,0,,,,,1,,,"11,99",Tabacaria,"Aleda, Tabacaria",,https://aquafloragroshop.com.br/wp-content/uploads/produtos/tabacaria/7898634871706.jpg,,,,,,,,,0,Aleda,Marca,Aleda,1,1
57809,simple,6952689013304,,Seda Moon Brown Rools - Roll,0,0,visible,Seda Moon Brown Rools - Roll | Marca: Roll | Categoria: Tabacaria | AquaFlora Agroshop,"<div class=""product-description"">\n<h2>Seda Moon Brown Rools - Roll</h2>\n<p>Produto <strong>Roll</strong> da linha Tabacaria. Disponível na <strong>AquaFlora Agroshop</strong> com melhor custo-benefício.</p>\n<ul class=""product-features"">\n  <li>🏷️ <strong>Marca:</strong> Roll</li>\n  <li>📦 <strong>Categoria:</strong> Tabacaria</li>\n  <li>✅ <strong>Produto Original</strong> com garantia</li>\n  <li>🚚 <strong>Entrega Rápida</strong> para todo o Brasil</li>\n  <li>💳 <strong>Diversas formas de pagamento</strong></li>\n</ul>\n<div class=""cta-section"">\n<p>📞 <strong>Dúvidas?</strong> Nossa equipe está pronta para ajudar!</p>\n<p>⭐ <strong>AquaFlora Agroshop</strong> - Sua loja de confiança!</p>\n</div>\n</div>",,,taxable,,0,0,,0,0,,,,,1,,,"7,00",Tabacaria,"Roll, Tabacaria",,https://aquafloragroshop.com.br/wp-content/uploads/produtos/tabacaria/6952689013304.jpg,,,,,,,,,0,Roll,Marca,Roll,1,1
57810,simple,30119550,,Seda Ocb 1/4,1,0,visible,Seda Ocb 1/4 | Marca: Ocb | Categoria: Tabacaria | AquaFlora Agroshop,"<div class=""product-description"">\n<h2>Seda Ocb 1/4</h2>\n<p>Produto <strong>Ocb</strong> da linha Tabacaria. Disponível na <strong>AquaFlora Agroshop</strong> com melhor custo-benefício.</p>\n<ul class=""product-features"">\n  <li>🏷️ <strong>Marca:</strong> Ocb</li>\n  <li>📦 <strong>Categoria:</strong> Tabacaria</li>\n  <li>✅ <strong>Produto Original</strong> com garantia</li>\n  <li>🚚 <strong>Entrega Rápida</strong> para todo o Brasil</li>\n  <li>💳 <strong>Diversas formas de pagamento</strong></li>\n</ul>\n<div class=""cta-section"">\n<p>📞 <strong>Dúvidas?</strong> Nossa equipe está pronta para ajudar!</p>\n<p>⭐ <strong>AquaFlora Agroshop</strong> - Sua loja de confiança!</p>\n</div>\n</div>",,,taxable,,1,5,,0,0,,,,,1,,,"6,00",Tabacaria,"Ocb, Tabacaria",,https://aquafloragroshop.com.br/wp-content/uploads/produtos/tabacaria/30119550.png,,,,,,,,,0,Ocb,Marca,Ocb,1,1
57811,simple,30066380,,Seda Ocb Rolls 4M,1,0,visible,Seda Ocb Rolls 4M | Marca: Ocb | Categoria: Tabacaria | AquaFlora Agroshop,"<div class=""product-description"">\n<h2>Seda Ocb Rolls 4M</h2>\n<p>Produto <strong>Ocb</strong> da linha Tabacaria. Disponível na <strong>AquaFlora Agroshop</strong> com melhor custo-benefício.</p>\n<ul class=""product-features"">\n  <li>🏷️ <strong>Marca:</strong> Ocb</li>\n  <li>📦 <strong>Categoria:</strong> Tabacaria</li>\n  <li>✅ <strong>Produto Original</strong> com garantia</li>\n  <li>🚚 <strong>Entrega Rápida</strong> para todo o Brasil</li>\n  <li>💳 <strong>Diversas formas de pagamento</strong></li>\n</ul>\n<div class=""cta-section"">\n<p>📞 <strong>Dúvidas?</strong> Nossa equipe está pronta para ajudar!</p>\n<p>⭐ <strong>AquaFlora Agroshop</strong> - Sua loja de confiança!</p>\n</div>\n</div>",,,taxable,,1,12,,0,0,,,,,1,,,"13,50",Tabacaria,"Ocb, Tabacaria",,https://aquafloragroshop.com.br/wp-content/uploads/produtos/tabacaria/30066380.webp,,,,,,,,,0,Ocb,Marca,Ocb,1,1
57812,simple,8414775013547,,Seda Smoking Brown,1,0,visible,Seda Smoking Brown | Marca: Smoking | Categoria: Tabacaria | AquaFlora Agroshop,"<div class=""product-description"">\n<h2>Seda Smoking Brown</h2>\n<p>Produto <strong>Smoking</strong> da linha Tabacaria. Disponível na <strong>AquaFlora Agroshop</strong> com melhor custo-benefício.</p>\n<ul class=""product-features"">\n  <li>🏷️ <strong>Marca:</strong> Smoking</li>\n  <li>📦 <strong>Categoria:</strong> Tabacaria</li>\n  <li>✅ <strong>Produto Original</strong> com garantia</li>\n  <li>🚚 <strong>Entrega Rápida</strong> para todo o Brasil</li>\n  <li>💳 <strong>Diversas formas de pagamento</strong></li>\n</ul>\n<div class=""cta-section"">\n<p>📞 <strong>Dúvidas?</strong> Nossa equipe está pronta para ajudar!</p>\n<p>⭐ <strong>AquaFlora Agroshop</strong> - Sua loja de confiança!</p>\n</div>\n</div>",,,taxable,,1,2,,0,0,,,,,1,,,"10,00",Tabacaria,"Smoking, Tabacaria",,https://aquafloragroshop.com.br/wp-content/uploads/produtos/tabacaria/8414775013547.png,,,,,,,,,0,Smoking,Marca,Smoking,1,1
57813,simple,84196590,,Seda Smoking Master,1,0,visible,Seda Smoking Master | Marca: Smoking | Categoria: Tabacaria | AquaFlora Agroshop,"<div class=""product-description"">\n<h2>Seda Smoking Master</h2>\n<p>Produto <strong>Smoking</strong> da linha Tabacaria. Disponível na <strong>AquaFlora Agroshop</strong> com melhor custo-benefício.</p>\n<ul class=""product-features"">\n  <li>🏷️ <strong>Marca:</strong> Smoking</li>\n  <li>📦 <strong>Categoria:</strong> Tabacaria</li>\n  <li>✅ <strong>Produto Original</strong> com garantia</li>\n  <li>🚚 <strong>Entrega Rápida</strong> para todo o Brasil</li>\n  <li>💳 <strong>Diversas formas de pagamento</strong></li>\n</ul>\n<div class=""cta-section"">\n<p>📞 <strong>Dúvidas?</strong> Nossa equipe está pronta para ajudar!</p>\n<p>⭐ <strong>AquaFlora Agroshop</strong> - Sua loja de confiança!</p>\n</div>\n</div>",,,taxable,,1,5,,0,0,,,,,1,,,"10,00",Tabacaria,"Smoking, Tabacaria",,https://aquafloragroshop.com.br/wp-content/uploads/produtos/tabacaria/84196590.jpg,,,,,,,,,0,Smoking,Marca,Smoking,1,1
57987,simple,175420000000,,Tesoura Abduzido,1,0,visible,Tesoura Abduzido | Marca: Abduzido | Categoria: Tabacaria | AquaFlora Agroshop,"<div class=""product-description"">\n<h2>Tesoura Abduzido</h2>\n<p>Produto <strong>Abduzido</strong> da linha Tabacaria. Disponível na <strong>AquaFlora Agroshop</strong> com melhor custo-benefício.</p>\n<ul class=""product-features"">\n  <li>🏷️ <strong>Marca:</strong> Abduzido</li>\n  <li>📦 <strong>Categoria:</strong> Tabacaria</li>\n  <li>✅ <strong>Produto Original</strong> com garantia</li>\n  <li>🚚 <strong>Entrega Rápida</strong> para todo o Brasil</li>\n  <li>💳 <strong>Diversas formas de pagamento</strong></li>\n</ul>\n<div class=""cta-section"">\n<p>📞 <strong>Dúvidas?</strong> Nossa equipe está pronta para ajudar!</p>\n<p>⭐ <strong>AquaFlora Agroshop</strong> - Sua loja de confiança!</p>\n</div>\n</div>",,,taxable,,1,2,,0,0,,,,,1,,,"49,90",Tabacaria,"Abduzido, Tabacaria",,https://aquafloragroshop.com.br/wp-content/uploads/produtos/tabacaria/175420000000.webp,,,,,,,,,0,Abduzido,Marca,Abduzido,1,1
57988,simple,7891239905210,,Tesoura Bud Cutter - Yellow Finger,1,0,visible,Tesoura Bud Cutter - Yellow Finger | Marca: Yellow Finger | Categoria: Tabacaria | AquaFlora Agroshop,"<div class=""product-description"">\n<h2>Tesoura Bud Cutter - Yellow Finger</h2>\n<p>Produto <strong>Yellow Finger</strong> da linha Tabacaria. Disponível na <strong>AquaFlora Agroshop</strong> com melhor custo-benefício.</p>\n<ul class=""product-features"">\n  <li>🏷️ <strong>Marca:</strong> Yellow Finger</li>\n  <li>📦 <strong>Categoria:</strong> Tabacaria</li>\n  <li>✅ <strong>Produto Original</strong> com garantia</li>\n  <li>🚚 <strong>Entrega Rápida</strong> para todo o Brasil</li>\n  <li>💳 <strong>Diversas formas de pagamento</strong></li>\n</ul>\n<div class=""cta-section"">\n<p>📞 <strong>Dúvidas?</strong> Nossa equipe está pronta para ajudar!</p>\n<p>⭐ <strong>AquaFlora Agroshop</strong> - Sua loja de confiança!</p>\n</div>\n</div>",,,taxable,,1,2,,0,0,,,,,1,,,"18,00",Tabacaria,"Tabacaria, Yellow Finger",,https://aquafloragroshop.com.br/wp-content/uploads/produtos/tabacaria/7891239905210.webp,,,,,,,,,0,Yellow Finger,Marca,Yellow Finger,1,1
57989,simple,40141385673,,Tesoura Cremaria,1,0,visible,Tesoura Cremaria | Marca: Cremaria | Categoria: Tabacaria | AquaFlora Agroshop,"<div class=""product-description"">\n<h2>Tesoura Cremaria</h2>\n<p>Produto <strong>Cremaria</strong> da linha Tabacaria. Disponível na <strong>AquaFlora Agroshop</strong> com melhor custo-benefício.</p>\n<ul class=""product-features"">\n  <li>🏷️ <strong>Marca:</strong> Cremaria</li>\n  <li>📦 <strong>Categoria:</strong> Tabacaria</li>\n  <li>✅ <strong>Produto Original</strong> com garantia</li>\n  <li>🚚 <strong>Entrega Rápida</strong> para todo o Brasil</li>\n  <li>💳 <strong>Diversas formas de pagamento</strong></li>\n</ul>\n<div class=""cta-section"">\n<p>📞 <strong>Dúvidas?</strong> Nossa equipe está pronta para ajudar!</p>\n<p>⭐ <strong>AquaFlora Agroshop</strong> - Sua loja de confiança!</p>\n</div>\n</div>",,,taxable,,1,1,,0,0,,,,,1,,,"18,00",Tabacaria,"Cremaria, Tabacaria",,https://aquafloragroshop.com.br/wp-content/uploads/produtos/tabacaria/40141385673.png,,,,,,,,,0,Cremaria,Marca,Cremaria,1,1
57990,simple,609963918461,,Tesoura Na Boa Bud Cutter - Villa`S,0,0,visible,Tesoura Na Boa Bud Cutter - Villa`S | Marca: Villa`S | Categoria: Tabacaria | AquaFlora Agroshop,"<div class=""product-description"">\n<h2>Tesoura Na Boa Bud Cutter - Villa`S</h2>\n<p>Produto <strong>Villa`S</strong> da linha Tabacaria. Disponível na <strong>AquaFlora Agroshop</strong> com melhor custo-benefício.</p>\n<ul class=""product-features"">\n  <li>🏷️ <strong>Marca:</strong> Villa`S</li>\n  <li>📦 <strong>Categoria:</strong> Tabacaria</li>\n  <li>✅ <strong>Produto Original</strong> com garantia</li>\n  <li>🚚 <strong>Entrega Rápida</strong> para todo o Brasil</li>\n  <li>💳 <strong>Diversas formas de pagamento</strong></li>\n</ul>\n<div class=""cta-section"">\n<p>📞 <strong>Dúvidas?</strong> Nossa equipe está pronta para ajudar!</p>\n<p>⭐ <strong>AquaFlora Agroshop</strong> - Sua loja de confiança!</p>\n</div>\n</div>",,,taxable,,0,0,,0,0,,,,,1,,,"19,90",Tabacaria,"Tabacaria, Villa`S",,https://aquafloragroshop.com.br/wp-content/uploads/produtos/tabacaria/609963918461.webp,,,,,,,,,0,Villa`S,Marca,Villa`S,1,1
