CodigoBarras;Descricao;Marca;Departamento;Estoque;PrecoVenda;Status
7898935903205;BOMBA TRAQUES BORGINHO;BORGINHO;GERAL;320,000;0;FAILED
7898341241304;PEDRA DOLOMITA Nº0 1KG;AQUA PEDRAS;AQUARISMO;125,000;0;EXCLUDED
7898242031431;SPECIAL DOG CARNE 15KG;SPECIAL DOG;RACAO ;43,000;0;EXCLUDED
7898932101550;NECTAR BEIJA FLOR REFIL 400G;REINO DAS AVES;PASSAROS;38,000;0;EXCLUDED
7898922460056;AGUA MINERAL VILLA FONTE C/ GAS 510ML;VILLA FONTE;GERAL;36,000;0;EXCLUDED
7898242031448;SPECIAL DOG CARNE 20KG;SPECIAL DOG;RACAO ;36,000;0;EXCLUDED
7898053584737;VETMAX PLUS 10KG CX4 COMP. 700MG;VETNIL;FARMACIA;35,000;0;FAILED
7898922460087;AGUA MINERAL VILLA FONTE S/ GAS 510ML;VILLA FONTE;GERAL;29,000;0;EXCLUDED
7898932101154;GOLD PAPA FILHOTE REFIL 400G;REINO DAS AVES;PASSAROS;27,000;0;EXCLUDED
7898242035217;SPECIAL DOG CARNE PLUS 20KG;SPECIAL DOG;RACAO ;27,000;0;EXCLUDED
7898242035156;SPECIAL DOG RP CARNE 20KG;SPECIAL DOG;RACAO ;26,000;0;EXCLUDED
7898242035019;SPECIAL DOG VEGETAIS PRO ADULTO 20KG;SPECIAL DOG;RACAO ;25,000;0;EXCLUDED
7893595996529;FORRO GAIOLA TNT N02;LM CONFECC;PASSAROS;23,000;0;FAILED
7893595996567;FORRO GAIOLA TNT N06;LM CONFECC;PASSAROS;23,000;0;FAILED
7898163220679;CHARUTO BAIANINHO GEROSS;BAIANINHO;TABACARIA;22,000;0;EXCLUDED
7898242031493;SPECIAL DOG GOLD CARNE E FRANGO 15KG;SPECIAL DOG;RACAO ;22,000;0;EXCLUDED
7898656685060;DOCE PIRULITO GIRA GIRA FRUTAS 10G;AQUA TERRA;GERAL;20,000;0;FAILED
7898505873709;MIÇANGA DIFERENCIADAS C/10UN;BOIAS BARÃO;PESCA;20,000;0;EXCLUDED
7898242031509;SPECIAL DOG GOLD CARNE E FRANGO 20KG;SPECIAL DOG;RACAO ;20,000;0;EXCLUDED
7908215503541;DOCE CHICLETE LIQUIDO CLETS TUBE 22G;AQUA TERRA;GERAL;19,000;0;PENDENTE
742832534765;PROTETOR AURICULAR PLUG;COPOL;GERAL;19,000;0;PENDENTE
7896803010147;SUPRA INICIAL AGRO 5KG;SUPRA;INSUMO;19,000;0;EXCLUDED
7896230501010;PREGO 12X12 1KG;ARCELORMITAL;FERRAMENTAS;17,000;0;EXCLUDED
606529485016;RAÇAO FURADINHA MANGA 60G;VASQUEZ VIES;PESCA;17,000;0;PENDENTE
5420036960843;DRONTAL PLUS 10KG CX (4UN);ELANCO;FARMACIA;16,000;0;FAILED
7896230501027;PREGO 13X15 1KG;ARCELORMITAL;FERRAMENTAS;16,000;0;EXCLUDED
7898571170054;MANOPLA PORTEIRA CERCA ELETRICA;ANGONESE;FERRAMENTAS;15,000;0;EXCLUDED
7898515873713;MIÇANGA MINI REDONDA 8MM C/15UN;BOIAS BARÃO;PESCA;15,000;0;EXCLUDED
606529485023;RAÇAO FURADINHA JACA 60G;VASQUEZ VIES;PESCA;15,000;0;PENDENTE
7891645028930;LIMA ENXADA KF CHATA;K&F;FERRAMENTAS;14,000;0;EXCLUDED
7898335660029;LUCK DOG ORIGINAL 22% 15KG;LUCK DOG;RACAO ;14,000;0;EXCLUDED
7898659784838;NEXGARD SPECTRA 7,6 A 15KG;MERIAL;FARMACIA;14,000;0;EXCLUDED
7897936917365;PORTA VITAMINA CRISTAL C/ PRESILHA PIXARRO 60ML;MR PET;PASSAROS;14,000;0;EXCLUDED
606529485030;RAÇAO FURADINHA BACON 60G;VASQUEZ VIES;PESCA;14,000;0;PENDENTE
7898656687804;DOCE GUMMY MANIA LAGARTO 25G;AQUA TERRA;GERAL;13,000;0;PENDENTE
7898053774435;NEXGARD 10 A 25KG;MERIAL;FARMACIA;13,000;0;EXCLUDED
7891863800042;OSSO FEMUR DEFUMADO SUINO CANELINHA 20CM;QUEROSSO;PET;13,000;0;PENDENTE
7898994570219;PALHEIRO PAULISTINHA;PAULISTINHA;TABACARIA;13,000;0;FAILED
7896803073548;SUPRA CRESCIMENTO 5KG;SUPRA;INSUMO;13,000;0;EXCLUDED
6976245090363;BRINQUEDO BOLA EMOTIONS COM PENA;PET NINHO;PET;12,000;0;PENDENTE
7898966420283;CANECA ALUMINIO PAPAGAIO SIMPLES;LONDRINA;PASSAROS;12,000;0;FAILED
4005900449559;DES. NIVEA AER. MAS. INV.;NIVEA;GERAL;12,000;0;FAILED
7898967923226;DOCE PIRULITO SABORES CATAVENTO 12G;AQUA TERRA;GERAL;12,000;0;FAILED
7893595996550;FORRO GAIOLA TNT N05;LM CONFECC;PASSAROS;12,000;0;FAILED
7893595996598;FORRO GAIOLA TNT N09;LM CONFECC;PASSAROS;12,000;0;FAILED
7908732334000;GATILHO PARA BORRIFADORES DE PLASTICO 20CM;DIVERSAS;GERAL;12,000;0;FAILED
7891645101091;LIMA TRIANGULAR SERROTE;K&F;FERRAMENTAS;12,000;0;EXCLUDED
7891289074980;LINHA ARATY 0,20MM;MAZZAFERRO;PESCA;12,000;0;FAILED
7898385660104;LUCK DOG TITAN 18% CARNE 10KG;LUCK DOG;RACAO ;12,000;0;FAILED
7898053774527;NEXGARD 25 A 50KG;MERIAL;FARMACIA;12,000;0;EXCLUDED
6976245091636;PA PENEIRA METAL/PLASTICO;DIVERSAS;PET;12,000;0;FAILED
606529485009;RAÇAO FURADINHA BANANA 60G;VASQUEZ VIES;PESCA;12,000;0;FAILED
7897947706651;SORO RINGER LACTATO 1000 ML;KABI PAC ;FARMACIA;12,000;0;FAILED
7896780810259;XISDOG DELICIOSSO PALITO FINO CARNE 200G;XISDOG;PET;12,000;0;FAILED
7897047210225;ARAME GALVANIZADO FIO 12;MORLAN;FERRAMENTAS;11,000;0;EXCLUDED
7898506657186;BEBEDOURO BEIJA FLOR GOLD BF6;JORANI;PASSAROS;11,000;0;FAILED
7891988040545;BICO LEQUE PULVERIZACAO AZUL;GUARANY;GERAL;11,000;0;FAILED
7896673198280;BRINQUEDO GATO PEIXE DE POLIESTER C/GUIZO + ARGOLA 17X5CM;RINGO;PET;11,000;0;FAILED
6976245091704;BRINQUEDO RATO DE CORDA;TOYS;PET;11,000;0;PENDENTE
7891528000701;CHUVEIRINHO NYLON;JWS;PESCA;11,000;0;FAILED
7898967923837;DOCE OVO SURPRISE;AQUA TERRA;GERAL;11,000;0;FAILED
7893595996543;FORRO GAIOLA TNT N04;LM CONFECC;PASSAROS;11,000;0;FAILED
7891289075000;LINHA ARATY 0,30MM;MAZZAFERRO;PESCA;11,000;0;FAILED
7891289075215;LINHA ARATY 0,80MM;MAZZAFERRO;PESCA;11,000;0;FAILED
7899000220302;LINHA CAMU XT 0,40MM;OTTONI;PESCA;11,000;0;FAILED
7898335660753;LUCK DOG TITAN 18% CARNE 7KG;LUCK DOG;RACAO ;11,000;0;FAILED
7899675801660;LUZ QUIMICA VISIBILIDADE 50M;ALBATROZ;PESCA;11,000;0;FAILED
619205791967;MASCARA PART.TOX.PRO PFF1C;SAFETY PLUS;GERAL;11,000;0;FAILED
7898515870422;MIÇANGA DIVERSAS C/15UN;BOIAS BARÃO;PESCA;11,000;0;EXCLUDED
6976245092527;PA PENEIRA METAL/PLASTICO;DIVERSAS;PET;11,000;0;FAILED
7898341240062;PEDRA LATERITA N1 1KG;AQUA PEDRAS;AQUARISMO;11,000;0;FAILED
7898138930343;RATOEIRA GRANDE METALURGICA NINJA;METALURGICA;GERAL;11,000;0;FAILED
8800550801025;SUPORTE DE VARA CMIK;CMIK;PESCA;11,000;0;FAILED
7898952050050;TABACO AMSTERDAM NATURAL 25G;DIVERSAS;TABACARIA;11,000;0;EXCLUDED
27898019868134;TOP DOG 30KG CX 2 COMP.;OURO FINO;FARMACIA;11,000;0;FAILED
7898040522506;ARAME RECOZIDO METALGRAMPO 18;METALGRAMPO;FERRAMENTAS;10,000;0;EXCLUDED
7898416701375;BIOTHON CAES CARTELA;BIOFARMA;FARMACIA;10,000;0;FAILED
7898242036092;BISCOITO ADULTO ORIGINAL AVEIA E MEL 500G;SPECIAL DOG;PET;10,000;0;FAILED
7898924125892;BRINQUEDO BABY DIVERSOS;DIVERSAS;PET;10,000;0;FAILED
7895153997801;CABRESTO PANINHO VERDE FINO 1M;JR ESPORTE E PESCA;PESCA;10,000;0;FAILED
7898229167290;COMEDOURO CAO N4;PRODUTOS HOLANDA;PET;10,000;0;FAILED
7896029021569;DREAMIES SALMAO 40G;MARS;PET;10,000;0;FAILED
7896544402119;GENCO TABLETE CLORO 3X1 200G;GENCO;PISCINA;10,000;0;FAILED
7891289097835;LINHA ARATY 0,70MM;MAZZAFERRO;PESCA;10,000;0;FAILED
7899000220296;LINHA CAMU XT 0,35MM;OTTONI;PESCA;10,000;0;FAILED
7899000220319;LINHA CAMU XT 0,45MM;OTTONI;PESCA;10,000;0;FAILED
7899000220326;LINHA CAMU XT 0,50MM;OTTONI;PESCA;10,000;0;FAILED
7899000220067;LINHA PLATINUM XT 0,40MM;OTTONI;PESCA;10,000;0;FAILED
7898480936192;LINHA SUPER RAIGLON SOFT VERDE 0,310MM;RAIGLON;PESCA;10,000;0;FAILED
7898659784845;NEXGARD SPECTRA 15,1 A 30KG;MERIAL;FARMACIA;10,000;0;FAILED
7898954970202;PALHA COCO P/ NINHO;ARENA PET;PASSAROS;10,000;0;FAILED
742832179485;PITEIRA BEM BOLADO GIRLS IN GREEN;BEM BOLADO;TABACARIA;10,000;0;FAILED
7897659608069;PULVERIZADOR DE PRESSAO 2 LTS;PLASDURAN PLASTICOS ;GERAL;10,000;0;FAILED
7898515875762;STOP DE LINHA P/CHUMBADA E BOIA N3;BOIAS BARÃO;PESCA;10,000;0;FAILED
7895153997757;STOP REGULADOR DE CHUMBO N 05;JR ESPORTE E PESCA;PESCA;10,000;0;FAILED
7898480923932;ANZOL 12147 N 6/0;MARINE SPORTS;PESCA;9,000;0;FAILED
7897047210263;ARAME GALVANIZADO FIO 20;MORLAN;FERRAMENTAS;9,000;0;EXCLUDED
7898494930506;BEBEDOURO CAO 500ML;LONDRINA;PET;9,000;0;FAILED
7895153997795;CABRESTO PANINHO LARANJA FINO 1M;JR ESPORTE E PESCA;PESCA;9,000;0;FAILED
7896112132257;CEFALEXINA 500MG C/10 CP;DIVERSAS;FARMACIA;9,000;0;FAILED
7896029028636;DREAMIES QUEIJO 40G;MARS;PET;9,000;0;FAILED
7898515876127;ENGATE RAPIDO 15LBX15CM C/ 5UN;BOIAS BARÃO;PESCA;9,000;0;FAILED
7898994698838;FITILHO F10/900G;DIVERSAS;GERAL;9,000;0;EXCLUDED
7898952624015;FORRO TNT N01;TNT;PASSAROS;9,000;0;FAILED
7898952624077;FORRO TNT N07;TNT;PASSAROS;9,000;0;FAILED
42127836542535990;FORTMAX 6MG CAIXA;FORTMAX;FARMACIA;9,000;0;FAILED
7897348202431;GOLDEN CAES AD SPECIAL FRANGO E CARNE 15KG;PREMIER;RACAO ;9,000;0;EXCLUDED
7891289075017;LINHA ARATY 0,35MM;MAZZAFERRO;PESCA;9,000;0;FAILED
7899000220074;LINHA PLATINUM XT 0,45MM;OTTONI;PESCA;9,000;0;FAILED
7898335660128;LUCK CAT MIX 10KG;LUCK DOG;RACAO ;9,000;0;FAILED
7898335660135;LUCK CAT MIX 20KG;LUCK DOG;RACAO ;9,000;0;EXCLUDED
7898335660326;LUCK DOG ORIGINAL 22% 20KG;LUCK DOG;RACAO ;9,000;0;EXCLUDED
7899675813007;LUZ QUIMICA VISIBILIDADE 25M;ALBATROZ;PESCA;9,000;0;FAILED
6976245094897;PA COLHER ESPREMEDOURA;PET NINHO;PET;9,000;0;FAILED
7898341245234;PEDRA CASCALHO DE RIO N 3 25 KG;AQUA PEDRAS;AQUARISMO;9,000;0;EXCLUDED
7896009765421;PILHA AMARELA RAYOVAC PALITO AAA;RAYOVAC;GERAL;9,000;0;FAILED
7898242035002;SPECIAL DOG VEGETAIS PRO ADULTO 15KG;SPECIAL DOG;RACAO ;9,000;0;EXCLUDED
7895153997733;STOP REGULADOR DE CHUMBO N 04;JR ESPORTE E PESCA;PESCA;9,000;0;FAILED
7896803010123;SUPRA COELHO AGRO 5KG;SUPRA;INSUMO;9,000;0;EXCLUDED
7898480920894;ANZOL 1971N N 14;MARINE SPORTS;PESCA;8,000;0;FAILED
7898494930421;BEBEDOURO BEIJA FLOR ESPECIAL C/ BANDEJA;PET FISH;PASSAROS;8,000;0;FAILED
7898974894618;BRINQUEDO P/ GATO BOLA C/ GUIZO + PENAS 24CM;BUPPY ;PET;8,000;0;FAILED
7898674185511;COMEDOURO CODORNA 750ML;SUPER PET ;AVES;8,000;0;FAILED
7898019864040;LEPECID AEROSSOL 475 ML;OURO FINO;FARMACIA;8,000;0;FAILED
7891289075031;LINHA ARATY 0,45MM;MAZZAFERRO;PESCA;8,000;0;FAILED
7891289075048;LINHA ARATY 0,50MM;MAZZAFERRO;PESCA;8,000;0;FAILED
7891289075192;LINHA ARATY 0,60MM;MAZZAFERRO;PESCA;8,000;0;FAILED
7899000220029;LINHA PLATINUM XT 0,20MM;OTTONI;PESCA;8,000;0;FAILED
7899000220043;LINHA PLATINUM XT 0,30MM;OTTONI;PESCA;8,000;0;FAILED
7898053774251;NEXGARD 2 A 4KG;MERIAL;FARMACIA;8,000;0;FAILED
7897936917341;PORTA VITAMINA CRISTAL C/ PRESILHA MEDIO 45ML;MR PET;PASSAROS;8,000;0;EXCLUDED
7898242035200;SPECIAL DOG CARNE PLUS 15KG;SPECIAL DOG;RACAO ;8,000;0;EXCLUDED
7898121840147;TALFON TOP 100G;INDUBRAS;FARMACIA;8,000;0;FAILED
7898229165302;TIGELA PASSARO N3;PRODUTOS HOLANDA;PASSAROS;8,000;0;FAILED
7899812236829;VASSOURA GRAMA PLASTICA TRAPP;TRAPP;GERAL;8,000;0;FAILED
7898480920979;ANZOL 1971N N 8/0;MARINE SPORTS;PESCA;7,000;0;FAILED
7897047210249;ARAME GALVANIZADO FIO 16;MORLAN;FERRAMENTAS;7,000;0;EXCLUDED
7898242036108;BISCOITO ADULTO BANANA E CHIA 250G;SPECIAL DOG;PET;7,000;0;FAILED
7898242036122;BISCOITO FILHOTE FRUTAS VERMELHAS 250G;SPECIAL DOG;PET;7,000;0;FAILED
7898242036115;BISCOITOS ADULTO FRUTAS VERMELHAS 250G;SPECIAL DOG;PET;7,000;0;FAILED
7898515870569;BOIA LAMBARI N6;BOIAS BARÃO;PESCA;7,000;0;FAILED
7898515876103;ENGATE RAPIDO 10LBX12CM C/ 5UN;BOIAS BARÃO;PESCA;7,000;0;FAILED
7898053772905;FRONTLINE PLUS GATOS 0,5 ML;MERIAL;FARMACIA;7,000;0;FAILED
7897414100197;FUMO DESFIADO JURITI 30G;JURITI;TABACARIA;7,000;0;FAILED
7896544402690;GENCO SULFATO DE ALUMINIO 2KG;GENCO;PISCINA;7,000;0;FAILED
7891289074997;LINHA ARATY 0,25MM;MAZZAFERRO;PESCA;7,000;0;FAILED
7898090991000;LINHA DE PEDREIRO 100M;POLIFIO;FERRAMENTAS;7,000;0;EXCLUDED
7898480936253;LINHA SUPER RAIGLON SOFT VERDE 0.520MM;RAIGLON;PESCA;7,000;0;FAILED
7898335660173;LUCK DOG MIX 21% 20KG;LUCK DOG;RACAO ;7,000;0;EXCLUDED
7896098802601;LUVA LATEX NITRILICO AF-15 TAM 8;MUCAMBO;GERAL;7,000;0;FAILED
7899675801653;LUZ QUIMICA VISIBILIDADE 35M;ALBATROZ;PESCA;7,000;0;FAILED
7898053596846;MELOXINEW COMP. 1MG;VETNIL;FARMACIA;7,000;0;FAILED
7894442295499;PALHA PARA NINHO 0,2MG;TARIN;PASSAROS;7,000;0;FAILED
7898341245203;PEDRA CASCALHO DE RIO N 0 25 KG;AQUA PEDRAS;AQUARISMO;7,000;0;EXCLUDED
7898341242110;PEDRA CRISTAL Nº1 1KG;AQUA PEDRAS;AQUARISMO;7,000;0;FAILED
7891117003144;PODAO PARA CACAU E COCO SEM CABO;TRAMONTINA;FERRAMENTAS;7,000;0;EXCLUDED
7891265403315;SERRA STARRET 12X24 BIMETALICA;SYNTEC;FERRAMENTAS;7,000;0;EXCLUDED
7898515872747;SUPORTE FIXO PQ;BOIAS BARÃO;PESCA;7,000;0;FAILED
7896803030015;SUPRA CODORNA POSTURA 5KG;SUPRA;INSUMO;7,000;0;EXCLUDED
7896803017955;SUPRA IMPULSO 5KG;SUPRA;INSUMO;7,000;0;EXCLUDED
7896803010109;SUPRA POEDEIRA AGRO 5KG;SUPRA;INSUMO;7,000;0;EXCLUDED
7898011974792;ABRACADEIRA DE NYLON 4,8MM X 300MM;THOMPSON;GERAL;6,000;0;FAILED
7898505876700;ANTENINHA BARAO TAMBA ANZOL EVA 9MM;BOIAS BARÃO;PESCA;6,000;0;FAILED
7898480921105;ANZOL 260H N 08;MARINE SPORTS;PESCA;6,000;0;FAILED
7898450362006;BASE BEBEDOURO FRANGO GARRAFA PET 18CM;ORNAMENTAL;AVES;6,000;0;FAILED
7898515872679;BOIA CHARUTAO 100G;BOIAS BARÃO;PESCA;6,000;0;FAILED
7898515870217;BOIA DE ARREMESSO 0,70G;BOIAS BARÃO;PESCA;6,000;0;FAILED
7894751112142;BRINQUEDO 14,99;GALLEGO;GERAL;6,000;0;FAILED
7894751112159;BRINQUEDO 19,99;GALLEGO;GERAL;6,000;0;FAILED
7894751112470;BRINQUEDO 24,99;GALLEGO;GERAL;6,000;0;FAILED
8058309090392;BRINQUEDO PARA GATO VARETA;BRAVO MASCOTAS;PET;6,000;0;FAILED
8058309090453;BRINQUEDO PARA GATO VARETA;BRAVO MASCOTAS;PET;6,000;0;FAILED
7898480923116;CABO DE ACO 30LB 10M;MARINE SPORTS;PESCA;6,000;0;FAILED
7898480923130;CABO DE ACO 50LB 10M;MARINE SPORTS;PESCA;6,000;0;FAILED
7898480923154;CABO DE ACO 75LB 10M;MARINE SPORTS;PESCA;6,000;0;FAILED
7895800304228;CHICLETE TRIDENT MENTA 8G;TRIDENT;GERAL;6,000;0;FAILED
7897348210085;COOKIE CAES PORTE PEQ. CARNE E VEGETAIS 350G;PREMIER;PET;6,000;0;FAILED
7898167271387;DESMAMADOR BEZERRO VERMELHO;DIVERSAS;FARMACIA;6,000;0;FAILED
7898089528026;DOBRADICA PORTEIRA N02 SAO ROMAO;SAO ROMAO;FERRAMENTAS;6,000;0;EXCLUDED
5420036960850;DRONTAL PLUS 35KG CX (2UN);ELANCO;FARMACIA;6,000;0;FAILED
7898515876134;ENGATE RAPIDO 20LBX10CM C/ 5UN;BOIAS BARÃO;PESCA;6,000;0;FAILED
7898515876141;ENGATE RAPIDO 20LBX15CM C/ 5 UN;BOIAS BARÃO;PESCA;6,000;0;FAILED
7898515876172;ENGATE RAPIDO 30LBX15CM C/ 5UN;BOIAS BARÃO;PESCA;6,000;0;FAILED
7898955323991;FIO ELETROPLASTICO TRADICIONAL 500M;IGECAST;FERRAMENTAS;6,000;0;EXCLUDED
97898969854149;FORMIPLUS GEL 10G;QUIMIAGRI;FARMACIA;6,000;0;FAILED
7896544403673;GENCO CLARIFICANTE 1L;GENCO;PISCINA;6,000;0;FAILED
7896544403758;GENCO PH CERTO ESTABILIZANTE 2KG;GENCO;PISCINA;6,000;0;FAILED
7896544401686;GENCO REAGENTE PH CONCENTRADO 23ML;GENCO;PISCINA;6,000;0;FAILED
7897348205319;GOLDEN CAES AD CARNE MINI BITS 15KG;PREMIER;RACAO ;6,000;0;EXCLUDED
7899192207631;GRAMPO DE CERCA BELGO 1KG;BELGO;FERRAMENTAS;6,000;0;EXCLUDED
78938816;HALLS EXTRA FORTE 27,5;HALLS;GERAL;6,000;0;FAILED
8800550822068;ISCA CENTOPEIA SOFT;CMIK;PESCA;6,000;0;FAILED
7891289075024;LINHA ARATY 0,40MM;MAZZAFERRO;PESCA;6,000;0;FAILED
7899000220289;LINHA CAMU XT 0,30MM;OTTONI;PESCA;6,000;0;FAILED
7899000220036;LINHA PLATINUM XT 0,25MM;OTTONI;PESCA;6,000;0;FAILED
7898335660340;LUCK CAT CASTRADO FRANGO 10KG;LUCK DOG;RACAO ;6,000;0;FAILED
7898659784814;NEXGARD SPECTRA 2 A 3,5KG;MERIAL;FARMACIA;6,000;0;FAILED
7898043434639;NGF 5 GEL100G;CEVA;FARMACIA;6,000;0;FAILED
7908396712787;NINHO CARPETE VERTICAL;JEL PLAST;PASSAROS;6,000;0;FAILED
7898029931626;OSSO DEFUMADO BIG FEMUR BOVINO;PITAKA;PET;6,000;0;FAILED
7897414101224;PALHEIRO PANTANEIRO MENTA;PANTANEIRO;TABACARIA;6,000;0;FAILED
7898341241601;PEDRA LAGINHA N°0 1KG;AQUA PEDRAS;AQUARISMO;6,000;0;FAILED
7898598870074;POYTARA KINGUIO DIA A DIA 35G;POYTARA;AQUARISMO;6,000;0;FAILED
1400009100001;PROTETOR DE CIGARRO;DIVERSAS;TABACARIA;6,000;0;EXCLUDED
7898947680286;REDE ELASTICA BAGAGEIRO 35X35   UN.;TAMBASA;FERRAMENTAS;6,000;0;EXCLUDED
7898639831439;SERINGA P/ PASSAROS HAPPYBIRD G 30ML;HAPPY BIRD;PASSAROS;6,000;0;FAILED
7898242034289;SPECIAL DOG RP ULTRALIFE 20KG;SPECIAL DOG;RACAO ;6,000;0;EXCLUDED
886661019816;TUBO DE GRAXA STIHL 80G;STIHL;FERRAMENTAS;6,000;0;EXCLUDED
7896185951250;VACINA BOVILIS BRUCELOSE RB-51 50 ML (25DS) LOTE 015/24 VENC. 30/06/2026;MSD;FARMACIA;6,000;0;FAILED
7899880627895;VARA TEL. VT-100 3006 BAMBU;VOXXI ;PESCA;6,000;0;FAILED
7898292933532;TELA CIRANDA FEIJAO 1MX12,5M;DIVERSAS;GERAL;5,500;0;FAILED
7898480920825;ANZOL 1971N N 01;MARINE SPORTS;PESCA;5,000;0;FAILED
7898480920856;ANZOL 1971N N 06;MARINE SPORTS;PESCA;5,000;0;FAILED
7898480920863;ANZOL 1971N N 08;MARINE SPORTS;PESCA;5,000;0;FAILED
7898480924076;ANZOL 4330 N 02;MARINE SPORTS;PESCA;5,000;0;FAILED
7898480924700;ANZOL MARUSEIGO N 14;MARINE SPORTS;PESCA;5,000;0;FAILED
7898480921754;ANZOL WIDE GAP N 04;MARINE SPORTS;PESCA;5,000;0;FAILED
7897047210256;ARAME GALVANIZADO FIO 18;MORLAN;FERRAMENTAS;5,000;0;EXCLUDED
7898515870514;BOIA LAMBARI N1;BOIAS BARÃO;PESCA;5,000;0;FAILED
7898515870446;BOIA PARA LUZ QUIMICA REF.N44;BOIAS BARÃO;PESCA;5,000;0;FAILED
7894751147748;BRINQUEDO 17,99;GALLEGO;GERAL;5,000;0;FAILED
7908762703524;BRINQUEDO CARRINHO DE PVC C/SOM 8,5X5X4,5CM;GIFTUTIL;PET;5,000;0;FAILED
8058309090422;BRINQUEDO PARA GATO VARETA;BRAVO MASCOTAS;PET;5,000;0;FAILED
8058309090408;BRINQUEDO PARA GATO VARETA;BRAVO MASCOTAS;PET;5,000;0;FAILED
7899984606413;BRINQUEDO TRIANGULO DE BORRACHA MACICO COLORS 7X7CM;BANANA TOYS;PET;5,000;0;FAILED
7898480923093;CABO DE ACO 10LB 10M;MARINE SPORTS;PESCA;5,000;0;FAILED
7898480923109;CABO DE ACO 20LB 10M;MARINE SPORTS;PESCA;5,000;0;FAILED
7898996154431;CABO DE ENXADA/ENXADAO 1,2M;FORTE CABO;FERRAMENTAS;5,000;0;EXCLUDED
7891065000141;CADEADO PADO 20MM;PADO;GERAL;5,000;0;FAILED
7898904869815;COLA INSTANTANEA TEK BOND 20G;SAINT GOBAIN;GERAL;5,000;0;FAILED
7898593580923;COMEDOURO AVES TUBULAR 20KG;DIVERSAS;AVES;5,000;0;EXCLUDED
5420036915263;DRONTAL GATOS 4KG CX (4UN);ELANCO;FARMACIA;5,000;0;FAILED
7898110100818;EIXO SARLO INOX 250\500\650;SARLOBETTER;AQUARISMO;5,000;0;FAILED
7898515874864;ENCASTROADOR AÇO INOX 16X15 C/5 UN;BOIAS BARÃO;PESCA;5,000;0;FAILED
7898515874833;ENCASTROADOR AÇO INOX 18X12 C/5 UN;BOIAS BARÃO;PESCA;5,000;0;FAILED
7898515876318;ENGATE RAPIDO 100LBX30CM C/ 5UN;BOIAS BARÃO;PESCA;5,000;0;FAILED
7898515876165;ENGATE RAPIDO 30LBX10CM C/ 5UN;BOIAS BARÃO;PESCA;5,000;0;FAILED
7898653870209;ESTICADOR DE ARAME FARPADO (ARGOLA);GERAL;FERRAMENTAS;5,000;0;EXCLUDED
7898955323984;FIO ELETROPLASTICO TRADICIONAL 250M;IGECAST;FERRAMENTAS;5,000;0;EXCLUDED
7898322711871;FORCADO RETO PESADO S/ CABO 1/2;CADIOLI;FERRAMENTAS;5,000;0;EXCLUDED
7893595996536;FORRO GAIOLA TNT N03;LM CONFECC;PASSAROS;5,000;0;FAILED
7898901045373;GARFO DESOPERCULADOR P/APICULTOR;ZATTI;GERAL;5,000;0;FAILED
7908137912889;GIRADOR BRS BLACKNICKEL N1/0;MARINE SPORTS;PESCA;5,000;0;FAILED
4713291448616;GIRADOR GOLD N20;MARURI;PESCA;5,000;0;FAILED
7897348200703;GOLDEN CAES AD FRANGO 15KG;PREMIER;RACAO ;5,000;0;EXCLUDED
7899000220333;LINHA CAMU XT 0,60MM;OTTONI;PESCA;5,000;0;FAILED
7898480936222;LINHA SUPER RAIGLON SOFT VERDE 0.405MM;RAIGLON;PESCA;5,000;0;FAILED
7898341240055;PEDRA LATERITA N0 1KG;AQUA PEDRAS;AQUARISMO;5,000;0;FAILED
7898100550173;PENEIRA CAFE ARO 70;SAO JORGE;GERAL;5,000;0;FAILED
7898100550142;PENEIRA CAFE/CHAP55;SAO JORGE;GERAL;5,000;0;FAILED
7891117011279;PICARETA PONTA E PA;TRAMONTINA;FERRAMENTAS;5,000;0;EXCLUDED
7899880602151;PORTA EMPATE C/ 5 DIV. CAMUFLADO;GRUPO JOGÁ ;PESCA;5,000;0;FAILED
7897348203933;PREMIER SHIH TZU ADULTO 1,0KG;PREMIER;RACAO ;5,000;0;FAILED
7896181212089;ROYAL CANIN MINI ADULTO 1KG;ROYAL CANIN;RACAO ;5,000;0;FAILED
7898242032025;SPECIAL CAT PEIXE 20KG;SPECIAL DOG;RACAO ;5,000;0;EXCLUDED
7898242031561;SPECIAL DOG JUNIOR CARNE 20KG;SPECIAL DOG;RACAO ;5,000;0;EXCLUDED
7898242031882;SPECIAL DOG RP ULTRALIFE SENIOR 15KG;SPECIAL DOG;RACAO ;5,000;0;EXCLUDED
7895153997740;STOP REGULADOR DE CHUMBO N 07;JR ESPORTE E PESCA;PESCA;5,000;0;FAILED
7898515872693;SUPORTE  DOBRAVEL PQ;BOIAS BARÃO;PESCA;5,000;0;FAILED
7896803019577;SUPRASAL BRC40 MINERAL 25KG;SUPRA;INSUMO;5,000;0;EXCLUDED
8800550811109;VARA CMIK 1,30M 8-20 LBS REF.81110;CMIK;PESCA;5,000;0;FAILED
7896780810099;XISDOG DELICIOSSO BABY LEITE 100G;XISDOG;PET;5,000;0;FAILED
7898011974709;ABRACADEIRA DE NYLON 4,8MM X 300MM;THOMPSON;GERAL;4,000;0;FAILED
7898660513519;ALCA PEGADOR DE PLASTICO P/ GALAO DE AGUA SAINT PLUS COLORS 14X13X7,5CM;PEN TECH;GERAL;4,000;0;FAILED
7898480920849;ANZOL 1971N N 04;MARINE SPORTS;PESCA;4,000;0;FAILED
7898480920917;ANZOL 1971N N 2/0;MARINE SPORTS;PESCA;4,000;0;FAILED
7898480921129;ANZOL 260H N 12;MARINE SPORTS;PESCA;4,000;0;FAILED
7891528766775;ANZOL CHUMBADA 7G;JWS;PESCA;4,000;0;FAILED
7898480924663;ANZOL MARUSEIGO N 06;MARINE SPORTS;PESCA;4,000;0;FAILED
7897047210270;ARAME GALVANIZADO FIO 22;MORLAN;FERRAMENTAS;4,000;0;EXCLUDED
7908732360122;ASPERSOR IRRIGADOR GIRASSOL 32,5X10X9CM;BONS CHEFF;GERAL;4,000;0;FAILED
7898105850407;BICO MAMADEIRA CAPRINO/OVINO;DIVERSAS;FARMACIA;4,000;0;FAILED
7898515870101;BOIA DE ARREMESSO 65G;BOIAS BARÃO;PESCA;4,000;0;FAILED
7898515870095;BOIA DE ARREMESSO 70G;BOIAS BARÃO;PESCA;4,000;0;FAILED
8800550850023;BOMBA SUBMERSA SOBO 1880;SOBO;AQUARISMO;4,000;0;FAILED
7891287696245;BOTA BRANCA C/CURTO N36;VULCABRAS;GERAL;4,000;0;FAILED
47909510443448;BOTA INFANTIL AZUL N 25/26;GRENDENE;GERAL;4,000;0;FAILED
7908010307719;BRINQUEDO FRUTA LED;RAIMUNDO PET;PET;4,000;0;FAILED
7890010442609;BRINQUEDO PELUCIA C/ BOLA;RAIMUNDO PET;PET;4,000;0;FAILED
7898480923123;CABO DE ACO 40LB 10M;MARINE SPORTS;PESCA;4,000;0;FAILED
7891065000158;CADEADO PADO 25MM;PADO;GERAL;4,000;0;FAILED
7891065000172;CADEADO PADO 35MM;PADO;GERAL;4,000;0;FAILED
602883942004;COLAR ELIZABETANO N 4;MATSO;PET;4,000;0;FAILED
7896029052334;DENTASTIX RACAS MEDIAS 110G;PEDIGREE;PET;4,000;0;FAILED
7896029052341;DENTASTIX RACAS MEDIAS 77G;PEDIGREE;PET;4,000;0;FAILED
7898201803765;DOXITABS HOSP 50MG;BIOVET;FARMACIA;4,000;0;FAILED
7898515874871;ENCASTROADOR AÇO INOX 16X20 C/5 UN;BOIAS BARÃO;PESCA;4,000;0;FAILED
7898515876158;ENGATE RAPIDO 20LBX20CM C/ 5UN;BOIAS BARÃO;PESCA;4,000;0;FAILED
7891117001935;ENXADAO METALICO LARGO SEM CABO;TRAMONTINA;FERRAMENTAS;4,000;0;EXCLUDED
7898515876462;EVA PESCA C/15UN 15MM;BOIAS BARÃO;PESCA;4,000;0;FAILED
7898952624572;FORRO TNT N09;TNT;PASSAROS;4,000;0;FAILED
7899781602434;FRALDA DESCARTAVEL 3UN G 10 A 15KG;PRO CANINE;PET;4,000;0;EXCLUDED
7899781602441;FRALDA DESCARTAVEL 3UN M 5 A 10KG;PRO CANINE;PET;4,000;0;FAILED
7896544401761;GENCO REAGENTE CL-OT 23ML;GENCO;PISCINA;4,000;0;FAILED
7897348201151;GOLDEN CAES AD CARNE 15KG;PREMIER;RACAO ;4,000;0;EXCLUDED
7897348203636;GOLDEN CAES AD FRANGO MINI BITS 15KG;PREMIER;RACAO ;4,000;0;EXCLUDED
8800550827858;ISCA ARANHA;CMIK;PESCA;4,000;0;FAILED
8800550828190;ISCA PESCA ARTIFICIAL SUPERFICIE POPPER 8CM REF.819;CMIK;PESCA;4,000;0;FAILED
7898053772769;IVOMEC INJETAVEL 50 ML;MERIAL;FARMACIA;4,000;0;FAILED
7898969639019;LACO CHATONS POWERPETS M;POWER PETS;PET;4,000;0;FAILED
7891289075239;LINHA ARATY 0,70MM;MAZZAFERRO;PESCA;4,000;0;FAILED
7899000220104;LINHA PLATINUM XT 0,70MM;OTTONI;PESCA;4,000;0;FAILED
7908137904310;LINHA SAIGON X4 15LB;MARINE SPORTS;PESCA;4,000;0;FAILED
7898335660074;LUCK DOG MIX 22% 15KG;LUCK DOG;RACAO ;4,000;0;EXCLUDED
7898335660371;LUCK DOG PREMIUM FRANGO E ARROZ 23% 15KG;LUCK DOG;RACAO ;4,000;0;EXCLUDED
742832994866;LUVA PUNHO 15 CM;CLEBER;GERAL;4,000;0;FAILED
7897114102217;MAQUINA DE ARAMAR - MC-2000 K;CAÇULA;FERRAMENTAS;4,000;0;EXCLUDED
7898659784821;NEXGARD SPECTRA 3,6 A 7,5KG;MERIAL;FARMACIA;4,000;0;FAILED
7898053773728;PASTA EQVALAN 6,42 G;MERIAL;FARMACIA;4,000;0;FAILED
742832250511;PITEIRA BEM BOLADO EXTRA LARGE;BEM BOLADO;TABACARIA;4,000;0;FAILED
7898911745928;POYTARA TROPICAIS DIA A DIA 35G;POYTARA;AQUARISMO;4,000;0;FAILED
7896714212098;PREDNISONA 20MG 20 CP;CRISTALIA;FARMACIA;4,000;0;FAILED
7898927674922;PULVERIZADOR FLOWERS 500ML;AMERICAN PETS;GERAL;4,000;0;FAILED
78939745;REFRI. SPRITE 200ML;SPRITE;GERAL;4,000;0;FAILED
7898110100764;REPARO SARLO 2000;SARLOBETTER;AQUARISMO;4,000;0;FAILED
7898906416352;ROJAO DE VARA TREME TERRA;LIDER;GERAL;4,000;0;FAILED
7896720320015;SABONETE MATACURA 80G;MATACURA;PET;4,000;0;FAILED
7899675814325;SNAP COM GIRADOR N 06;ALBATROZ;PESCA;4,000;0;FAILED
7898242030502;SPECIAL CAT CARNE 20KG;SPECIAL DOG;RACAO ;4,000;0;EXCLUDED
7898242035750;SPECIAL DOG JUNIOR VEGETAIS PRO 20KG;SPECIAL DOG;RACAO ;4,000;0;EXCLUDED
7898242031974;SPECIAL DOG VEGETAIS 20KG;SPECIAL DOG;RACAO ;4,000;0;EXCLUDED
7898121840161;TALFON TOP 1KG;INDUBRAS;FARMACIA;4,000;0;FAILED
7898315810406;TIURAN SOLUCAO 30ML;DUPRAT;FARMACIA;4,000;0;FAILED
27898019868110;TOP DOG 2,5KG CX 4 COMP.;OURO FINO;FARMACIA;4,000;0;FAILED
7898096852244;UNGUENTO CHEMITEC 200G;CHEMITEC;FARMACIA;4,000;0;FAILED
7896780800939;XISDOG BIO OSSO TRANCA M;XISDOG;PET;4,000;0;FAILED
7896780810242;XISDOG DELICIOSSO PALITO FINO FRANGO 200G;XISDOG;PET;4,000;0;FAILED
7896780800458;XISDOG OSSO ARGOLA;XISDOG;PET;4,000;0;FAILED
7896780800311;XISDOG OSSO PALITO 110G;XISDOG;PET;4,000;0;FAILED
7896780800304;XISDOG OSSO PALITO 50G;XISDOG;PET;4,000;0;FAILED
7896780802162;XISDOG RECHEADO ESPETINHO 70G;XISDOG;PET;4,000;0;FAILED
7896780803954;XISDOG RECHEADO FLAT BONE 65G;XISDOG;PET;4,000;0;FAILED
7896780807761;XISDOG TENTACOES MISTO 55G;XISDOG;PET;4,000;0;FAILED
7896167002222;AFIADOR FACA CHAIRA 10 CIMO;CIMO;GERAL;3,000;0;FAILED
7898480921181;ANZOL 16902 CRYSTAL N 08;MARINE SPORTS;PESCA;3,000;0;FAILED
7898480931920;ANZOL SUPER MARUSEIGO N 06;MARINE SPORTS;PESCA;3,000;0;FAILED
7898480931951;ANZOL SUPER MARUSEIGO N 12;MARINE SPORTS;PESCA;3,000;0;FAILED
7898274860030;AREIA CARE CAT PERFUMADA 4KG;CARE CAT ;PET;3,000;0;FAILED
7898904415997;BABY SURPRISE KIT REVELAÇAO;LIDER;GERAL;3,000;0;FAILED
7898070967681;BANDAGEM ADESIVA LATEX LARANJA 10CM;HOPPNER;FARMACIA;3,000;0;FAILED
7898242030199;BIONATURAL CAES RP SENIOR FRANGO 15KG;SPECIAL DOG;RACAO ;3,000;0;EXCLUDED
7898515870156;BOIA ARREMESSO 40G;BOIAS BARÃO;PESCA;3,000;0;FAILED
7898515870118;BOIA DE ARREMESSO 65G;BOIAS BARÃO;PESCA;3,000;0;FAILED
7898515879203;BOIA TORPEDO LUMINOSA AMARELA 45G;BOIAS BARÃO;PESCA;3,000;0;FAILED
7898515879197;BOIA TORPEDO LUMINOSA VERMELHA 45G;BOIAS BARÃO;PESCA;3,000;0;FAILED
7898581900030;BOLSA N3 20X22;TERMO DELFIM;AQUARISMO;3,000;0;FAILED
7898581900047;BOLSA N4 25X30;TERMO DELFIM;AQUARISMO;3,000;0;FAILED
7891528000930;BONE CAMUFLADO COM PROTEÇAO;JWS;PESCA;3,000;0;FAILED
7891287320683;BOTA BRANCA C/CURTO N34/35;VULCABRAS;GERAL;3,000;0;FAILED
7891287320614;BOTA BRANCA C/CURTO N39;VULCABRAS;GERAL;3,000;0;FAILED
7891287321024;BOTA BRANCA C/LONGO N39;VULCABRAS;GERAL;3,000;0;FAILED
7890858221541;BOTA PRETA C/CURTO N42;VULCABRAS;GERAL;3,000;0;FAILED
7891287320799;BOTA PRETA C/CURTO N44/45;VULCABRAS;GERAL;3,000;0;FAILED
7890010340509;BRINQUEDO CENOURA DE PELUCIA;RAIMUNDO PET;PET;3,000;0;FAILED
7908169021740;BRINQUEDO ESCADA PLASTICO PVC;FLUFFIÉ;PET;3,000;0;EXCLUDED
7898930344898;BRUPET ESOFAGO RECHEADO C/ 3UN;BRUPET;PET;3,000;0;FAILED
7898480923147;CABO DE ACO 60LB 10M;MARINE SPORTS;PESCA;3,000;0;FAILED
7891065000189;CADEADO PADO 45MM;PADO;GERAL;3,000;0;FAILED
7896185970930;CALMINEX 30G;MSD;FARMACIA;3,000;0;FAILED
6900000004047;CANIVETE AUTO;HT;CUTELARIA;3,000;0;FAILED
1234567004549;CARVAO ATIVADO 100G;VENTURA PET;AQUARISMO;3,000;0;FAILED
7898951606074;CARVAO NARGUILE BLACK KING;BLACK KING;TABACARIA;3,000;0;FAILED
7898923964799;CARVAO NARGUILE FUMAX PCT 3UN;GERAL;TABACARIA;3,000;0;FAILED
7898679460385;CHAPEU DE PALHA DESFIADO 1003;CHAPEU VIDEIRA;GERAL;3,000;0;FAILED
602883942035;COLAR ELIZABETANO N 5;MATSO;PET;3,000;0;FAILED
602883942028;COLAR ELIZABETANO N 8;MATSO;PET;3,000;0;FAILED
7898699651541;COLCHONETE SILICONE PRIMAVERA N6;MARCELINO & CANEVARI LTDA;PET;3,000;0;FAILED
7898377270101;COLETE SALVA VIDA M 35-55KG;ATIVA;PESCA;3,000;0;FAILED
7897463295943;COMEDOURO CONE COELHO N3;PRODUTOS HOLANDA;PET;3,000;0;FAILED
7898736390952;COMEDOURO PLASTICO PET PATINHA 17CM;DIVERSAS;PET;3,000;0;FAILED
7896183305086;CONDICIONADOR NEUTRO SANOL 500ML;SANOL;PET;3,000;0;FAILED
6920180122306;DICHAVADOR PLASTICO BOB MARLEY HX223;DIVERSAS;TABACARIA;3,000;0;FAILED
1524021310;DISTRIBUIDOR DE AGUA 4 SAIDAS;CHINA;GERAL;3,000;0;FAILED
7896183314392;ELIMINADOR DE ODORES SANOL LAVANDA 2L;SANOL;PET;3,000;0;FAILED
7898515876110;ENGATE RAPIDO 15LBX10CM C/ 5UN;BOIAS BARÃO;PESCA;3,000;0;FAILED
7898515876844;EVA BOLEADO PESCA EMPANADO C/10UN 10MM;BOIAS BARÃO;PESCA;3,000;0;FAILED
7898515876752;EVA BOLEADO PESCA RAÇÃO C/10UN 10MM;BOIAS BARÃO;PESCA;3,000;0;FAILED
7891112010574;FACAO MATO 20;TRAMONTINA;FERRAMENTAS;3,000;0;EXCLUDED
7898964503230;FITILHO FIO CHICOTE 2MT;DIVERSAS;GERAL;3,000;0;EXCLUDED
7891117003278;FOICE ARROZ/PASTO;TRAMONTINA;FERRAMENTAS;3,000;0;EXCLUDED
7891117002963;FOICE ROCADEIRA S/ CABO TRAMONTINA;TRAMONTINA;FERRAMENTAS;3,000;0;EXCLUDED
7898322710935;FORCADO CURVO 1/2;CADIOLI;FERRAMENTAS;3,000;0;EXCLUDED
7898952624589;FORRO TNT N10;TNT;PASSAROS;3,000;0;FAILED
7898909001180;FRALDA DESCARTAVEL PP;TELMA LACO;PET;3,000;0;FAILED
7896544403710;GENCO ALGICIDA DE MANUTENCAO 1L;GENCO;PISCINA;3,000;0;FAILED
7896544403727;GENCO ALGICIDA SEM COBRE GENPOOL 1L;GENCO;PISCINA;3,000;0;FAILED
7896544402133;GENCO CLORO MULTIACAO 3X1 10KG;GENCO;PISCINA;3,000;0;FAILED
7898480950457;GIRADOR BBS N14;MARINE SPORTS;PESCA;3,000;0;FAILED
7908137912902;GIRADOR BRS BLACKNICKEL N5/0;MARINE SPORTS;PESCA;3,000;0;FAILED
7897348203803;GOLDEN CAES AD POWER TRAINING 15KG;PREMIER;RACAO ;3,000;0;EXCLUDED
7896183316730;KIT LABELLE FEMEA SANOL DOG;SANOL;PET;3,000;0;FAILED
949291164001;LEITE EM PO MAMALAC 10 KG;MAMALAC;INSUMO;3,000;0;EXCLUDED
7891289075222;LINHA ARATY 0,60MM;MAZZAFERRO;PESCA;3,000;0;FAILED
7899000220012;LINHA PLATINUM XT 0,15MM;OTTONI;PESCA;3,000;0;FAILED
7899000220081;LINHA PLATINUM XT 0,50MM;OTTONI;PESCA;3,000;0;FAILED
8058309088160;LUVA MASSAGEADORA E REMOVEDORA DE PELOS;BRAVO MASCOTAS;PET;3,000;0;FAILED
742832994859;LUVA PUNHO 07 CM;CLEBER;GERAL;3,000;0;FAILED
7896779612314;MALETA PESCA;CMIK;PESCA;3,000;0;FAILED
7898515877131;MIÇANGA EMPANADA MINI REDONDA C/6UN;BOIAS BARÃO;PESCA;3,000;0;EXCLUDED
7898515877124;MIÇANGA EMPANADA REDONDA RAÇÃO CLARA C/6UN;BOIAS BARÃO;PESCA;3,000;0;EXCLUDED
7898515877117;MIÇANGA EMPANADA REDONDA RAÇÃO CLARA C/6UN;BOIAS BARÃO;PESCA;3,000;0;EXCLUDED
7908137907137;MOLINETE ARENA 1000;MARINE SPORTS;PESCA;3,000;0;FAILED
7908137910939;MOLINETE JIMMY GREY LINHA;MARINE SPORTS;PESCA;3,000;0;FAILED
7898480956152;MOLINETE VISTA 500;NEO PLUS;PESCA;3,000;0;FAILED
4064951005589;NEXGARD GATO 2,5 A 7,5KG;MERIAL;FARMACIA;3,000;0;FAILED
3295249295349;OCULOS SEGURANCA INCOLOR GARRA;GARRA;GERAL;3,000;0;FAILED
7898341245210;PEDRA CASCALHO DE RIO N 1 25 KG;AQUA PEDRAS;AQUARISMO;3,000;0;EXCLUDED
7898341241618;PEDRA LAGINHA N°01 1KG;AQUA PEDRAS;AQUARISMO;3,000;0;FAILED
7899893508464;PLANTA ARTIFICIAL MINI  8CM REF.18787;SKRW;AQUARISMO;3,000;0;FAILED
7898201802874;PLASIVET ORAL 20ML;BIOVET;FARMACIA;3,000;0;FAILED
7908273906674;PORTAO BRANCO PET TOP MIX C/ PROLONGADOR;CIA DO PET;PET;3,000;0;FAILED
7898667533473;RAQUETE MATA MOSQUITO RECARREGAVEL;JAN JAN ;GERAL;3,000;0;FAILED
7898110100092;REPARO SARLO 650;SARLOBETTER;AQUARISMO;3,000;0;FAILED
7896947090074;REPELENTE DE INSETOS LOCAO AVANTE 100G;AVANT;GERAL;3,000;0;FAILED
7896181297857;ROYAL CANIN MINI ADULTO 2,5KG;ROYAL CANIN;RACAO ;3,000;0;FAILED
798190113913;SEMENTE MILHO DI SOLO IPANEMA 20KG;IPANEMA;INSUMO;3,000;0;EXCLUDED
7899675814394;SNAP ALBATROZ BLACK NICKEL N0 C/21UN;ALBATROZ;PESCA;3,000;0;FAILED
7899675814349;SNAP COM GIRADOR N 10;ALBATROZ;PESCA;3,000;0;FAILED
7898242032230;SPECIAL CAT CAST. FRANGO 20KG;SPECIAL DOG;RACAO ;3,000;0;EXCLUDED
7898121840154;TALFON TOP 250G;INDUBRAS;FARMACIA;3,000;0;FAILED
7896660801384;TAMPA PLAST. LATAO LEITE 20 LT;MILKAN;GERAL;3,000;0;FAILED
7898229165401;TIGELA PASSARO N4;PRODUTOS HOLANDA;PASSAROS;3,000;0;FAILED
7899880627932;VARA TEL. VT-100 5010 BAMBU;VOXXI ;PESCA;3,000;0;FAILED
7896780810594;XISDOG DELICIOSSO SABOR CHURRASCO 100G;XISDOG;PET;3,000;0;FAILED
7896780800120;XISDOG OSSO NO H;XISDOG;PET;3,000;0;FAILED
7896183302122;ABRILHANTADOR SANOL 500ML;SANOL;PET;2,000;0;FAILED
7896108815102;ALCON CLUB JABUTI 300G;ALCON;AQUARISMO;2,000;0;FAILED
7898955236574;ALFAFA PRENSADA 500G;PAIOL DO BICHO;PET;2,000;0;FAILED
7891114008708;ALICATE BOMBA D AGUA 10;TRAMONTINA;FERRAMENTAS;2,000;0;EXCLUDED
7898255179199;ALMOTOLIA BICO FIXO 285G;RINO;FERRAMENTAS;2,000;0;EXCLUDED
7898053580470;AMINOMIX PET 100 G;VETNIL;FARMACIA;2,000;0;FAILED
7898505876717;ANTENINHA BARAO BORBOLETA EVA 9MM;BOIAS BARÃO;PESCA;2,000;0;FAILED
7898480920948;ANZOL 1971N N 5/0;MARINE SPORTS;PESCA;2,000;0;FAILED
7897047210232;ARAME GALVANIZADO FIO 14;MORLAN;FERRAMENTAS;2,000;0;EXCLUDED
7898019864293;AURIGEN 15 GR;OURO FINO;FARMACIA;2,000;0;FAILED
7898019860080;AURITOP 15G;OURO FINO;FARMACIA;2,000;0;FAILED
7898070967742;BANDAGEM ADESIVA LATEX ROXO 10CM;HOPPNER;FARMACIA;2,000;0;FAILED
7898242030083;BIONATURAL CAES RP AD FRANGO 10,1KG1;SPECIAL DOG;RACAO ;2,000;0;FAILED
7898515876592;BOIA CEVADEIRA TAMBA 45G;BOIAS BARÃO;PESCA;2,000;0;FAILED
7898581900054;BOLSA N5 15X38;TERMO DELFIM;AQUARISMO;2,000;0;FAILED
7899866279285;BOMBA DE SUCCAO MANUAL C/ MANGUEIRA;BONS CHEFF;GERAL;2,000;0;FAILED
7898110100740;BOMBA SARLO SUBMERSA 2000;SARLOBETTER;AQUARISMO;2,000;0;FAILED
8800550850016;BOMBA SUBMERSA SOBO 880;SOBO;AQUARISMO;2,000;0;FAILED
7891287320591;BOTA BRANCA C/CURTO N37;VULCABRAS;GERAL;2,000;0;FAILED
7891287320607;BOTA BRANCA C/CURTO N38;VULCABRAS;GERAL;2,000;0;FAILED
7891287320621;BOTA BRANCA C/CURTO N40;VULCABRAS;GERAL;2,000;0;FAILED
7891287320638;BOTA BRANCA C/CURTO N41;VULCABRAS;GERAL;2,000;0;FAILED
7891287320645;BOTA BRANCA C/CURTO N42;VULCABRAS;GERAL;2,000;0;FAILED
7891287320652;BOTA BRANCA C/CURTO N43;VULCABRAS;GERAL;2,000;0;FAILED
7891287320676;BOTA BRANCA C/CURTO N44/45;VULCABRAS;GERAL;2,000;0;FAILED
7890732895332;BOTA BRANCA C/LONGO N36;7 LEGUAS ;GERAL;2,000;0;FAILED
7891287321000;BOTA BRANCA C/LONGO N37;VULCABRAS;GERAL;2,000;0;FAILED
7891287321017;BOTA BRANCA C/LONGO N38;VULCABRAS;GERAL;2,000;0;FAILED
7891287321031;BOTA BRANCA C/LONGO N40;VULCABRAS;GERAL;2,000;0;FAILED
7891287321048;BOTA BRANCA C/LONGO N41;VULCABRAS;GERAL;2,000;0;FAILED
7891287321062;BOTA BRANCA C/LONGO N43;VULCABRAS;GERAL;2,000;0;FAILED
7891287321086;BOTA BRANCA C/LONGO N44/45;VULCABRAS;GERAL;2,000;0;FAILED
7909224593578;BOTA INFANTIL ROSA N 25/26;GRENDENE;GERAL;2,000;0;FAILED
7909224593585;BOTA INFANTIL ROSA N 27/28;GRENDENE;GERAL;2,000;0;FAILED
7890858221572;BOTA PRETA C/CURTO N34/35;VULCABRAS;GERAL;2,000;0;FAILED
7891287320706;BOTA PRETA C/CURTO N36;VULCABRAS;GERAL;2,000;0;FAILED
7890858221497;BOTA PRETA C/CURTO N37;VULCABRAS;GERAL;2,000;0;FAILED
7890858221503;BOTA PRETA C/CURTO N38;VULCABRAS;GERAL;2,000;0;FAILED
7890858221510;BOTA PRETA C/CURTO N39;VULCABRAS;GERAL;2,000;0;FAILED
7890858221527;BOTA PRETA C/CURTO N40;VULCABRAS;GERAL;2,000;0;FAILED
7891287320751;BOTA PRETA C/CURTO N41;VULCABRAS;GERAL;2,000;0;FAILED
7890858221558;BOTA PRETA C/CURTO N43;VULCABRAS;GERAL;2,000;0;FAILED
700360000180022;BOTINA INFANTIL VALENT N22;VALENT CALÇADOS;GERAL;2,000;0;FAILED
100001000240038;BOTINA NOBUCK TABACO N38;VALENT CALÇADOS;GERAL;2,000;0;EXCLUDED
100001000240039;BOTINA NOBUCK TABACO N39;VALENT CALÇADOS;GERAL;2,000;0;EXCLUDED
7896673198235;BRINQUEDO CORDA C/NO + CORACAO DE BORRACHA 16X7CM;RINGO;PET;2,000;0;FAILED
2010000000977;BRINQUEDO CORDA SUPER POWER;RAIMUNDO PET;PET;2,000;0;FAILED
7897186078458;BRINQUEDO GATO MOLA COM RATINHO - 402;WESTERN PET;PET;2,000;0;FAILED
7890026990156;BRINQUEDO MORDEDOR MARTELO;JAVICK;PET;2,000;0;FAILED
5546905182960;BRINQUEDO MORDEDOR PET;BRAVO MASCOTAS;PET;2,000;0;PENDENTE
7898723700191;BRINQUEDO PEIXE SISAL;RAIMUNDO PET;PET;2,000;0;FAILED
7890010441404;BRINQUEDO PELUCIA PATO;RAIMUNDO PET;PET;2,000;0;FAILED
7908364128251;BRINQUEDO TRIANGULO MACIÇO MEDIO REF-2069;PET TOYS;PET;2,000;0;FAILED
7898996154455;CABO DE MACHADO TORNEADO 95CM;FORTE CABO;FERRAMENTAS;2,000;0;EXCLUDED
7898909615318;CABO DE MARTELO 35CM;COMPESP;FERRAMENTAS;2,000;0;EXCLUDED
7895153997559;CABRESTO PANINHO VERMELHO FINO 1M;JR ESPORTE E PESCA;PESCA;2,000;0;FAILED
7891065000196;CADEADO PADO 50MM;PADO;GERAL;2,000;0;FAILED
7908137907908;CADEIRA DOBRAVEL PESCADOR 120KG;MARINE SPORTS;PESCA;2,000;0;EXCLUDED
7899272900162;CALCINHA RENDA EM MALHA GG;POWER PETS;PET;2,000;0;FAILED
7899272900148;CALCINHA RENDA EM MALHA M;POWER PETS;PET;2,000;0;FAILED
7898450361542;CANECA PLASTICO ORNAMENTAL 190ML;ORNAMENTAL;PASSAROS;2,000;0;FAILED
6900006017221;CANIVETE AUTOMATICO;HT;CUTELARIA;2,000;0;FAILED
7896167099963;CANIVETE INOX CLIP PQ;CIMO;CUTELARIA;2,000;0;FAILED
7896167052012;CANIVETE INOX PONTA FINA;CIMO;CUTELARIA;2,000;0;FAILED
7893223006156;CARRIOLA CONST. METAL;METALOSA;GERAL;2,000;0;FAILED
1234567005140;CARVAO ATIVADO 500G;VENTURA PET;AQUARISMO;2,000;0;FAILED
7898121840116;CEVAVITA 200 G;INDUBRAS;FARMACIA;2,000;0;FAILED
7898679460293;CHAPEU DE PALHA 021 G;CHAPEU VIDEIRA;GERAL;2,000;0;FAILED
6874598745124;CHAPEU TERMICO UV;DIVERSAS;PESCA;2,000;0;FAILED
7891114068290;CHAVE AJUSTAVEL 6;TRAMONTINA;FERRAMENTAS;2,000;0;EXCLUDED
7898515878169;CHICOTE ANTENIHA CRUZADO;BOIAS BARÃO;PESCA;2,000;0;FAILED
602883941991;COLAR ELIZABETANO N 1;MATSO;PET;2,000;0;FAILED
602883942011;COLAR ELIZABETANO N10;MATSO;PET;2,000;0;FAILED
7898699652623;COLCHONETE PLACA DE ESPUMA N1;MARCELINO & CANEVARI LTDA;PET;2,000;0;FAILED
7898377270118;COLETE SALVA VIDA G 55-110KG;ATIVA;PESCA;2,000;0;FAILED
7898377270125;COLETE SALVA VIDA GG +110KG;ATIVA;PESCA;2,000;0;FAILED
7898377270095;COLETE SALVA VIDA P 25-35KG;ATIVA;PESCA;2,000;0;FAILED
7898377270088;COLETE SALVA VIDA PP 0-25KG;ATIVA;PESCA;2,000;0;EXCLUDED
7897463295912;COMEDOURO CONE COELHO N1;PRODUTOS HOLANDA;PET;2,000;0;FAILED
7897463295936;COMEDOURO CONE COELHO N2;PRODUTOS HOLANDA;PET;2,000;0;FAILED
5412087010707;COMEDOURO GATO FOREVER LILAS 350ML;MODERNA;PET;2,000;0;FAILED
7898606780135;CORRENTE MOTOSSERRA SPIN 30D 3/8;SPIN;FERRAMENTAS;2,000;0;EXCLUDED
7898019864309;DERMOTRAT CREME 20G;OURO FINO;FARMACIA;2,000;0;FAILED
751320258786;DICHAVADOR PLASTICO;VILLA`S;TABACARIA;2,000;0;FAILED
7897916600294;DIFLY S3 300G;CHAMPION;FARMACIA;2,000;0;FAILED
7898312160245;DMA 806 BR 1L;CORTEVA;FARMACIA;2,000;0;FAILED
7898070961245;EIXO EXTERNO S HOPPNER 50 ML;HOPPNER;FARMACIA;2,000;0;FAILED
7898688570006;ELETRIFICADOR CERCA 30KM BIVOLT;FAZENDEIRO;FERRAMENTAS;2,000;0;EXCLUDED
7898688570013;ELETRIFICADOR DE CERCA 50KM BIVOLT;FAZENDEIRO;FERRAMENTAS;2,000;0;EXCLUDED
7898045201789;ENXADA DUAS CARAS LARGA 2,5L;DUAS CARAS;FERRAMENTAS;2,000;0;EXCLUDED
7898045201796;ENXADA DUAS CARAS LARGA 3,0L;DUAS CARAS;FERRAMENTAS;2,000;0;EXCLUDED
7898515876912;EVA FORMATO RAÇÃO PESCA EMPANADO C/10UN 12MM;BOIAS BARÃO;PESCA;2,000;0;FAILED
7891112011021;FACAO MATO 14;TRAMONTINA;FERRAMENTAS;2,000;0;EXCLUDED
7891112011489;FACAO MATO 16;TRAMONTINA;FERRAMENTAS;2,000;0;EXCLUDED
7898121840741;FARCALCIO FOSFATADO 1KG;INDUBRAS;FARMACIA;2,000;0;FAILED
7898959829598;FITA VEDA TUDO IMPERM. ALUMINIO 0,60X10M;VTUDO;GERAL;2,000;0;FAILED
7898954970172;FOCINHEIRA METAL N06;ARENA PET;PET;2,000;0;FAILED
7898053772875;FRONTLINE PLUS 10 A 20 KG;MERIAL;FARMACIA;2,000;0;FAILED
7898053772882;FRONTLINE PLUS 20 A 40KG;MERIAL;FARMACIA;2,000;0;EXCLUDED
7898049718948;GANADOL POMADA 50G;ZOETIS;FARMACIA;2,000;0;FAILED
7896544400276;GENCO ESTOJO ANALISE CLORO E PH;GENCO;PISCINA;2,000;0;FAILED
7898094330188;GRAMPO PARA MARCENEIRO C3 75MM SARGENTO;BRASFORT;FERRAMENTAS;2,000;0;EXCLUDED
7908137904396;ISCA BRAVA GRAND 100 COR-024;MARINE SPORTS;PESCA;2,000;0;FAILED
7891131713807;ISCA PEIXE FISHING GEAR -Y7138;JWS;PESCA;2,000;0;FAILED
7898480945156;ISCA STICK ONE 85 COR-24;MARINE SPORTS;PESCA;2,000;0;FAILED
7898480945231;ISCA STICK ONE 85 COR-450;MARINE SPORTS;PESCA;2,000;0;FAILED
7898053779966;IVOMEC GOLD INJ. 50ML;MERIAL;FARMACIA;2,000;0;FAILED
7899641819125;JOGO JUNTAS STHIL 038/380;ATHENA;GERAL;2,000;0;FAILED
7896108822001;LABCON BACTER CAPSULA 2,5G;ALCON;AQUARISMO;2,000;0;FAILED
7895293436505;LAMINA ROCADEIRA 255MMX2,00 NAKASHI;NAKASHI;FERRAMENTAS;2,000;0;EXCLUDED
7895293436550;LAMINA ROCADEIRA 350MMX2,00 NAKASHI;NAKASHI;FERRAMENTAS;2,000;0;EXCLUDED
7896426498612;LAMPIAO SOLAR;JWS;CUTELARIA;2,000;0;FAILED
7896426498124;LANTERNA FAROL DE INDUÇÃO JY-9812;JYX;PESCA;2,000;0;FAILED
8800550890043;LANTERNA TRIPE;CMIK;PESCA;2,000;0;FAILED
7891645068943;LIMA MOTOSERRA 8X7 GROSSA;K&F;FERRAMENTAS;2,000;0;EXCLUDED
7891289030849;LINHA DOURADO 250GR 0.20MM;MAZZAFERRO;PESCA;2,000;0;FAILED
7891289030856;LINHA DOURADO 250GR 0.25MM;MAZZAFERRO;PESCA;2,000;0;FAILED
7891289030863;LINHA DOURADO 250GR 0.30MM;MAZZAFERRO;PESCA;2,000;0;FAILED
7891289030870;LINHA DOURADO 250GR 0.35MM;MAZZAFERRO;PESCA;2,000;0;FAILED
7899000220050;LINHA PLATINUM XT 0,35MM;OTTONI;PESCA;2,000;0;FAILED
7898480927886;LINHA RAIGLON CINZA 0.570MM;RAIGLON;PESCA;2,000;0;FAILED
7908137904327;LINHA SAIGON X4 25LB;MARINE SPORTS;PESCA;2,000;0;FAILED
7908137909292;LINHA VEXTER POWER LEADER 13LB 0.28MM;MARINE SPORTS;PESCA;2,000;0;FAILED
7908137909308;LINHA VEXTER POWER LEADER 15.9LB 0.33MM;MARINE SPORTS;PESCA;2,000;0;FAILED
7898335660319;LUCK DOG PREMIUM DIA A DIA 23% 15KG;LUCK DOG;RACAO ;2,000;0;EXCLUDED
602883661868;LUVA APICULTOR G;RS PROTEÇAO;GERAL;2,000;0;FAILED
7898971876914;MACACAO CIRURGICO CORAL N1;PROCANINE;PET;2,000;0;FAILED
7898971876938;MACACAO CIRURGICO CORAL N3;PROCANINE;PET;2,000;0;FAILED
7898971876945;MACACAO CIRURGICO CORAL N4;PROCANINE;PET;2,000;0;FAILED
7898971876952;MACACAO CIRURGICO CORAL N5;PROCANINE;PET;2,000;0;FAILED
7898515877728;MANHOSINHO BORBOLETA MIÇANGA PITANGA CHOCOLATE 9MM;BOIAS BARÃO;PESCA;2,000;0;EXCLUDED
7898515877766;MANHOSINHO CRUZADO MIÇANGA AUDI VERMELHA PITANGA11MM;BOIAS BARÃO;PESCA;2,000;0;EXCLUDED
7898515877650;MANHOSINHO CRUZADO MIÇANGA BOLA DE FUT. VERMELHA 9MM;BOIAS BARÃO;PESCA;2,000;0;EXCLUDED
7898950726056;MASCARA PINT.CARV.ATIV.C/FIL.VO/GA;AQUAFLORA;GERAL;2,000;0;FAILED
7899781613720;MOLHO PROCANINE SABOR BACON 250G;PRO CANINE;PET;2,000;0;FAILED
7899781602991;MOLHO PROCANINE SABOR CHURRASCO 250G;PROCANINE;PET;2,000;0;FAILED
7908137907144;MOLINETE ARENA 2000;MARINE SPORTS;PESCA;2,000;0;FAILED
7908137908110;MOLINETE ARENA 500;MARINE SPORTS;PESCA;2,000;0;FAILED
7897614100287;MONOVIN B1 20ML;BRAVET PET;FARMACIA;2,000;0;FAILED
7898006194044;OTOLIN 15 ML;UCB VET;FARMACIA;2,000;0;FAILED
7898053772998;PASTA EQVALAN GOLD 7,74 G;MERIAL;FARMACIA;2,000;0;FAILED
7898341240079;PEDRA LATERITA N2 1KG;AQUA PEDRAS;AQUARISMO;2,000;0;FAILED
7898698282555;PEITORAL C/ GUIA SEDA TAM G;VIRA LATA CHIC;PET;2,000;0;FAILED
7898698282548;PEITORAL C/ GUIA SEDA TAM M;VIRA LATA CHIC;PET;2,000;0;FAILED
7898698282531;PEITORAL C/ GUIA SEDA TAM P;VIRA LATA CHIC;PET;2,000;0;FAILED
7898053594866;PELO E DERME 1500MG 30CP;VETNIL;FARMACIA;2,000;0;FAILED
606529497170;PENEIRA PISCINA CATA FOLHAS;METALI STYLUS;PISCINA;2,000;0;FAILED
7899781601116;PERFUME PROCANINE LONDON 500ML;PRO CANINE;PET;2,000;0;FAILED
7891117011484;PICARETA METALICA CHIBANCA, TAMANHO 4, CABO DE MADEIRA DE 90 CM;TRAMONTINA;FERRAMENTAS;2,000;0;EXCLUDED
789165160018;PLANTA MINI 8CM;LESTER;AQUARISMO;2,000;0;FAILED
7898322711123;PLANTADEIRA MARILIA SIMPLES;CADIOLI;FERRAMENTAS;2,000;0;EXCLUDED
7908396712718;PORTA VITAMINA CRISTAL EXTRA GRANDE;JEL PLAST;PASSAROS;2,000;0;FAILED
7908396712749;PORTA VITAMINA CRISTAL GRANDE;JEL PLAST;PASSAROS;2,000;0;FAILED
7898601815252;PORTAO BRANCO EPOXI E454;EPOXI;PET;2,000;0;FAILED
7898911745454;POYTARA CARNIVOROS DE FUNDO 130G;POYTARA;AQUARISMO;2,000;0;FAILED
7898911745430;POYTARA CARNIVOROS DE SUPERFICIE 85G;POYTARA;AQUARISMO;2,000;0;FAILED
7898598870050;POYTARA TIGRE D`AGUA 90G;POYTARA;AQUARISMO;2,000;0;FAILED
7898123905141;PREDNISONA 5MG 20 CP;CRISTALIA;FARMACIA;2,000;0;FAILED
7896181218623;PREMIUM CAT AD. CASTRADO 10KG;ROYAL CANIN;RACAO ;2,000;0;FAILED
3295249282547;PROTETOR FACIAL INCOLOR;DELTAPLUS;GERAL;2,000;0;FAILED
7891010033521;PROTETOR SOLAR SUNDOWN FPS30 120ML;JOHNSONS;GERAL;2,000;0;FAILED
8800550801605;PUMP SP1000;BOYU;AQUARISMO;2,000;0;FAILED
8800550876016;PUMP SP1800;BOYU;AQUARISMO;2,000;0;FAILED
7898701920566;RASQUEADEIRA MADEIRA M;ELO IMPORTS;PET;2,000;0;FAILED
7898608632838;REDE AQUADINE 30CM N12;AQUADINE;AQUARISMO;2,000;0;FAILED
1234567016559;REFIL ATMAN H600/800;VENTURA AQUARISMO;AQUARISMO;2,000;0;EXCLUDED
69851261;REFIL FILTRO EXT. HF-600;OCEAN TECH;AQUARISMO;2,000;0;EXCLUDED
7894900027013;REFRI. COCA COLA 2L;COCA COLA;GERAL;2,000;0;FAILED
7896052607167;REFRI. FYS LIMAO 350ML;FYS;GERAL;2,000;0;FAILED
7898019868277;REGEPIL 50ML;OURO FINO;FARMACIA;2,000;0;FAILED
7896692107935;REPARO PULV. BRUDDEN 5L;BRUDDEN;GERAL;2,000;0;FAILED
7898110101891;REPARO SARLO MINI A/MINI;SARLOBETTER;AQUARISMO;2,000;0;FAILED
7898045200294;RODO ALPE CURRAL 36CM 2,5L;ALPE;FERRAMENTAS;2,000;0;EXCLUDED
7897303327049;ROUPA DE LA N4;POWER PETS;PET;2,000;0;FAILED
1358978831188;ROUPA MACACAO CIRURGICO FEMEA N0 22CM;LULICA;PET;2,000;0;FAILED
9186576398749;ROUPA MACACAO CIRURGICO FEMEA N2 27CM;LULICA;PET;2,000;0;FAILED
1345458863357;ROUPA MACACAO CIRURGICO MACHO N2 27CM;LULICA;PET;2,000;0;FAILED
7908248300322;ROYAL CANIN SHIH TZU PUPPY JUNIOR 1KG;ROYAL CANIN;RACAO ;2,000;0;FAILED
7908248302043;ROYAL CANIN URINARY S/O 400G;ROYAL CANIN;RACAO ;2,000;0;FAILED
7898480950853;SABIKI VERDE Nº8;MARINE SPORTS;PESCA;2,000;0;FAILED
742832250481;SEDA CELULOSE BEM BOLADO;BEM BOLADO;TABACARIA;2,000;0;FAILED
7896183316655;SHAMPOO NEUTRO KDOG 500ML;KDOG;PET;2,000;0;FAILED
8800550804064;SINALIZADOR;CMIK;PESCA;2,000;0;FAILED
7899675814400;SNAP ALBATROZ BLACK NICKEL N01 C/21UN;ALBATROZ;PESCA;2,000;0;FAILED
7898242032070;SPECIAL CAT MIX 20KG;SPECIAL DOG;RACAO ;2,000;0;EXCLUDED
7898242031912;SPECIAL DOG ULTRALIFE RMG SENIOR 15KG;SPECIAL DOG;RACAO ;2,000;0;EXCLUDED
7896803017719;SUPRA GUAPA 40KG;SUPRA;INSUMO;2,000;0;EXCLUDED
7896803019829;SUPRA IMPULSO 20KG;SUPRA;INSUMO;2,000;0;EXCLUDED
7896660800479;TAMPA PLAST. LATAO LEITE 30 A 50 LT;UNIPAC;GERAL;2,000;0;FAILED
7898608630094;TERMOSTATO C/ AQUECEDOR 150W;WHALE VK ;AQUARISMO;2,000;0;FAILED
7908501710325;TESOURA PET DE INOX DENTADA 15CM;JAVICK;PET;2,000;0;FAILED
7898229165203;TIGELA PASSARO N2;PRODUTOS HOLANDA;PASSAROS;2,000;0;FAILED
7898952953573;TOCA PARA PASSAROS;JV;PASSAROS;2,000;0;FAILED
7898601815061;TRATADOR SILVESTRE PRATA;LONDRINA;PASSAROS;2,000;0;FAILED
7897114101357;TRINCO LATERAL PORTEIRA FERROLHO TIPO FUZIL;CENTER CAMPINAS;FERRAMENTAS;2,000;0;EXCLUDED
8800550811130;VARA CMIK 2,10M 17-38 LBS REF.81113;CMIK;PESCA;2,000;0;FAILED
7896780810570;XISDOG DELICIOSSO MENTA 100G;XISDOG;PET;2,000;0;FAILED
7898011974716;ABRACADEIRA DE NYLON 4,8MM X 370MM;THOMPSON;GERAL;1,000;0;FAILED
7898185261018;ADE VIT CALBOS INJ. 50 ML;CALBOS;FARMACIA;1,000;0;FAILED
7898497685991;AGUA MINERAL SELECT S/ GAS 510ML;DIVERSAS;GERAL;1,000;0;EXCLUDED
7896108852039;ALCON REPTOCAL 15G;ALCON;AQUARISMO;1,000;0;FAILED
4060833017398;ALICATE FAZENDEIRO GEDORE MULTI;GEDORE;FERRAMENTAS;1,000;0;EXCLUDED
7898011971609;ALICATE UNIVERSAL 8 PREMIUM;THOMPSON;FERRAMENTAS;1,000;0;EXCLUDED
7896006248576;ALIV V 50ML;AGENER UNIÃO;FARMACIA;1,000;0;FAILED
7898455550477;ALMOFADA SILICONE C/ ZIPER BIG;STILO DOG;PET;1,000;0;FAILED
7891117027492;ANCINHO METALICO 14 DENTES CABO MADEIRA 120CM;TRAMONTINA;FERRAMENTAS;1,000;0;EXCLUDED
7898480920924;ANZOL 1971N N 3/0;MARINE SPORTS;PESCA;1,000;0;FAILED
7898480920931;ANZOL 1971N N 4/0;MARINE SPORTS;PESCA;1,000;0;FAILED
7891528766751;ANZOL CHUMBADA 5G;JWS;PESCA;1,000;0;FAILED
7896260213846;APARADOR DE GRAMA 1000W 110V;TRAPP;FERRAMENTAS;1,000;0;EXCLUDED
7897047210782;ARAME FARPADO NELORE 500M;MORLAN;FERRAMENTAS;1,000;0;EXCLUDED
7899192200120;ARAME FARPADO RODEIO F16 250M;BELGO;FERRAMENTAS;1,000;0;EXCLUDED
7897047204460;ARAME OVALADO CERCA ELET. FIO15/1000M;IVLORLAN;FERRAMENTAS;1,000;0;EXCLUDED
7899192200205;ARAME OVALADO LISO Z700 500MT;BELGO;FERRAMENTAS;1,000;0;EXCLUDED
7898965442354;ARAME RECOZIDO TRANC.1,25MM 1KG;CIBRA;FERRAMENTAS;1,000;0;EXCLUDED
7896260203113;ARCO DE SERRA;TRAPP;GERAL;1,000;0;FAILED
618341696068;ARRANHADOR CASA COM REDE POP;SUPER GATO ;PET;1,000;0;FAILED
7898181635899;B. CRISAN GDE. AMARELO LISO 50 UN.*;CRISAN;FARMACIA;1,000;0;FAILED
7898070967636;BANDAGEM ADESIVA LATEX AMARELO 10CM;HOPPNER;FARMACIA;1,000;0;FAILED
7898070967759;BANDAGEM ADESIVA LATEX VERDE ESCURO 10CM;HOPPNER;FARMACIA;1,000;0;FAILED
7898639833488;BANDEJA COM BORDA CAT ALTA ROSA;PET INJET;PET;1,000;0;FAILED
7898950283436;BANDEJA METAL;PAPELITO;TABACARIA;1,000;0;FAILED
7896432186503;BATERIA RECA. CIGARRO ELETRONICO 3200MAH;J.W.S;PESCA;1,000;0;EXCLUDED
7898692160057;BEBEDOURO AVES PENDULAR AUTOMATICO;OPUSPLAST;AVES;1,000;0;FAILED
7898593580022;BEBEDOURO CODORNA/PINTINHO;PETSOL ;AVES;1,000;0;FAILED
7898242030571;BIONATURAL CAES RMG AD FRANGO 15KG;SPECIAL DOG;RACAO ;1,000;0;EXCLUDED
7898242030632;BIONATURAL CAES RMG AD FRANGO 20KG;SPECIAL DOG;RACAO ;1,000;0;EXCLUDED
7898242030366;BIONATURAL CAES RMG JUNIOR FRANGO 20KG;SPECIAL DOG;RACAO ;1,000;0;EXCLUDED
7898515870125;BOIA ARREMESSO 20G;BOIAS BARÃO;PESCA;1,000;0;FAILED
7898515870033;BOIA ARREMESSO 45G;BOIAS BARÃO;PESCA;1,000;0;FAILED
7898515870163;BOIA ARREMESSO 45G;BOIAS BARÃO;PESCA;1,000;0;FAILED
7898515878022;BOIA CEVADEIRA SUPER TAMBA 55G;BOIAS BARÃO;PESCA;1,000;0;FAILED
7898581900061;BOLSA N6 38X40;TERMO DELFIM;AQUARISMO;1,000;0;FAILED
7892201605800;BOMBA SUB. SAPO ANAUGER 800 220V;ANAUGER;GERAL;1,000;0;FAILED
7891287321055;BOTA BRANCA C/LONGO N42;VULCABRAS;GERAL;1,000;0;FAILED
700360000180020;BOTINA INFANTIL VALENT N20;VALENT CALÇADOS;GERAL;1,000;0;FAILED
700360000180021;BOTINA INFANTIL VALENT N21;VALENT CALÇADOS;GERAL;1,000;0;FAILED
700360000180023;BOTINA INFANTIL VALENT N23;VALENT CALÇADOS;GERAL;1,000;0;FAILED
700360000180024;BOTINA INFANTIL VALENT N24;VALENT CALÇADOS;GERAL;1,000;0;FAILED
700360000180026;BOTINA INFANTIL VALENT N26;VALENT CALÇADOS;GERAL;1,000;0;FAILED
700360000180027;BOTINA INFANTIL VALENT N27;VALENT CALÇADOS;GERAL;1,000;0;FAILED
700360000180029;BOTINA INFANTIL VALENT N29;VALENT CALÇADOS;GERAL;1,000;0;FAILED
700360000180030;BOTINA INFANTIL VALENT N30;VALENT CALÇADOS;GERAL;1,000;0;FAILED
400021600180043;BOTINA NOBUCK CAFE N43;VALENT CALÇADOS;GERAL;1,000;0;FAILED
400021600180044;BOTINA NOBUCK CAFE N44;VALENT CALÇADOS;GERAL;1,000;0;FAILED
100001000240037;BOTINA NOBUCK TABACO N37;VALENT CALÇADOS;GERAL;1,000;0;EXCLUDED
100001000240040;BOTINA NOBUCK TABACO N40;VALENT CALÇADOS;GERAL;1,000;0;EXCLUDED
100001000240041;BOTINA NOBUCK TABACO N41;VALENT CALÇADOS;GERAL;1,000;0;EXCLUDED
100001000240042;BOTINA NOBUCK TABACO N42;VALENT CALÇADOS;GERAL;1,000;0;EXCLUDED
100001000240044;BOTINA NOBUCK TABACO N44;VALENT CALÇADOS;GERAL;1,000;0;EXCLUDED
8713184137012;BRAVECTO 10 A 20 KG;MSD;FARMACIA;1,000;0;FAILED
8713184136893;BRAVECTO 2 A 4,5 KG;MSD;FARMACIA;1,000;0;FAILED
8713184137036;BRAVECTO 20 A 40 KG;MSD;FARMACIA;1,000;0;FAILED
8713184136992;BRAVECTO 4,5 A 10KG;MSD;FARMACIA;1,000;0;FAILED
8713184137043;BRAVECTO 40 A 56 KG;MSD;FARMACIA;1,000;0;FAILED
7894751112111;BRINQUEDO 29,99;GALLEGO;GERAL;1,000;0;FAILED
7890001006230;BRINQUEDO BOTA PEQ.;SAVANA PET IMPORT;PET;1,000;0;FAILED
7908762703722;BRINQUEDO CORDA C/BOLA DE TENIS 29X7,5CM;GIFTUTIL;PET;1,000;0;FAILED
7896980441888;BRINQUEDO GATO CARRETEL REF-660;WESTERN PET;PET;1,000;0;FAILED
7892052023013;BRINQUEDO PNEU MORDEDOR PET REF-2301;PET TOYS;PET;1,000;0;FAILED
7890010121054;BRINQUEDO VARA GATO POLVO;RAIMUNDO PET;PET;1,000;0;FAILED
7898723703376;BRINQUEDO VARINHA INTERATIVA;RAIMUNDO PET;PET;1,000;0;FAILED
7891065000165;CADEADO PADO 30MM;PADO;GERAL;1,000;0;FAILED
7908137907915;CADEIRA DOBRAVEL P 90KG;MARINE SPORTS;PESCA;1,000;0;FAILED
7899809033776;CAIXA ORGANIZADORA CONTAINER COLOR 30L;ERCA PLAST;GERAL;1,000;0;FAILED
7896871905253;CAIXA ORGANIZADORA CONTAINER PRETO C/ RODAS 30L;DIVERSAS;GERAL;1,000;0;FAILED
7899272900155;CALCINHA RENDA EM MALHA G;POWER PETS;PET;1,000;0;FAILED
7898505234098;CAMARA DE AR 120KG;COLSON;GERAL;1,000;0;EXCLUDED
7899880630345;CAMISA B. CAST CLEAN LARANJA TAM 3G;GRUPO JOGÁ ;PESCA;1,000;0;FAILED
7899880630338;CAMISA B. CAST CLEAN LARANJA TAM GG;GRUPO JOGÁ ;PESCA;1,000;0;FAILED
7899880630369;CAMISA B. CAST CLEAN PETROLEO TAM P;GRUPO JOGÁ ;PESCA;1,000;0;FAILED
7899880630444;CAMISA B. CAST CLEAN ROSA TAM G;GRUPO JOGÁ ;PESCA;1,000;0;FAILED
7800000000016;CANIVETE ARAGUARI;HT;CUTELARIA;1,000;0;FAILED
7898695700069;CANIVETE DACAL G P/ BOLSO;DACAL;CUTELARIA;1,000;0;FAILED
7800000000597;CANIVETE PICA FUMO;HT;CUTELARIA;1,000;0;FAILED
7896021911554;CANTIL TERM 2,5 LT AZUL;SOPRANO;GERAL;1,000;0;FAILED
7898590500498;CAPA CHUVA CONJUNTO MOTOQUEIRO G;PIONEIRA;GERAL;1,000;0;FAILED
7898590500504;CAPA CHUVA CONJUNTO MOTOQUEIRO GG;PIONEIRA;GERAL;1,000;0;FAILED
7898590500481;CAPA CHUVA CONJUNTO MOTOQUEIRO M;PIONEIRA;GERAL;1,000;0;FAILED
7898590500474;CAPA CHUVA CONJUNTO MOTOQUEIRO P;PIONEIRA;GERAL;1,000;0;FAILED
7908076205219;CAPA CHUVA TRANSPARENTE 1,30M;PURUS;GERAL;1,000;0;FAILED
7896260201652;CARRETEL APARADOR GRAMA FIO DE NYLON 1,8MM TRAPP;TRAPP;GERAL;1,000;0;FAILED
7898606780326;CARRETEL COM VENTOINHA;DIVERSAS;GERAL;1,000;0;FAILED
7908137906321;CARRETILHA FOX SHI 7ROL;ZEST;PESCA;1,000;0;FAILED
8800550803142;CARRETILHA TAMBOR 300;CMIK;PESCA;1,000;0;FAILED
7897488013690;CAVADEIRA ARTICULADA 1,4M;MAX FERRAMENTAS;FERRAMENTAS;1,000;0;EXCLUDED
7891117022398;CAVADEIRA ARTICULADA CABO 145CM;TRAMONTINA;FERRAMENTAS;1,000;0;EXCLUDED
7898930694016;CC 2030 PREMIUM 1KG;BIOTRON;PASSAROS;1,000;0;FAILED
7891149200504;CERVEJA SKOL 350ML;SKOL;GERAL;1,000;0;EXCLUDED
7908176219222;CEVADOR DE CANO PVC;DIVERSAS;PESCA;1,000;0;EXCLUDED
7898679460354;CHAPEU DE PALHA 505 G DEBRUM;CHAPEU VIDEIRA;GERAL;1,000;0;FAILED
7898679460392;CHAPEU DE PALHA 505 PANAMAZINHO;CHAPEU VIDEIRA;GERAL;1,000;0;FAILED
7898679460064;CHAPEU DE PALHA 508 VIROLADO;CHAPEU VIDEIRA;GERAL;1,000;0;FAILED
7898679460408;CHAPEU DE PALHA GIGANTE 093;CHAPEU VIDEIRA;GERAL;1,000;0;FAILED
7898515878053;CHICOTE ANTENINHA CHIFRINHO EVA BRANCO 10MM;BOIAS BARÃO;PESCA;1,000;0;FAILED
7898515878176;CHICOTE ANTENINHA CRUZADO EVA BRANCO 10MM;BOIAS BARÃO;PESCA;1,000;0;FAILED
7898515878213;CHICOTE ANTENINHA CRUZADO EVA MARROM 10MM;BOIAS BARÃO;PESCA;1,000;0;FAILED
7898324011450;CHIFRE BOVINO NATURAL;PRO CANINE;PET;1,000;0;FAILED
7898638570193;CHUMBINHO PAULISTA DIABOLO 6.00MM;CHUMBO PAULISTA;GERAL;1,000;0;FAILED
7898638570124;CHUMBINHO PAULISTA DIABOLO 6.35MM;CHUMBO PAULISTA;GERAL;1,000;0;FAILED
7896660832197;CINTA COMPLETA PJH 20L JACTO;JACTO;GERAL;1,000;0;FAILED
7898915461213;COADOR LEITE INOX;MUNDINOX;GERAL;1,000;0;FAILED
602883942202;COLAR ELIZABETANO N 2;MATSO;PET;1,000;0;FAILED
602883942103;COLAR ELIZABETANO N 3;MATSO;PET;1,000;0;FAILED
602883942066;COLAR ELIZABETANO N 6;MATSO;PET;1,000;0;FAILED
7908227212929;COLCHAO INFLAVEL MC-40A 186X96X22CM;TOMATE;PESCA;1,000;0;FAILED
7908227212936;COLCHAO INFLAVEL MC-40B 186X96X22CM;TOMATE;PESCA;1,000;0;FAILED
7898699651503;COLCHONETE SILICONE PRIMAVERA N2;MARCELINO & CANEVARI LTDA;PET;1,000;0;FAILED
7892408210036;COLEIRA PET G;ZHAN OU ;PET;1,000;0;FAILED
7898006193603;COLENTIM 5 ML;UCB VET;FARMACIA;1,000;0;FAILED
7899880618947;COLETE WAVE  50KG ROSA;GRUPO JOGÁ ;PESCA;1,000;0;EXCLUDED
7899880631861;COLETE WAVE 110KG ROSA;GRUPO JOGÁ ;PESCA;1,000;0;FAILED
7899880618923;COLETE WAVE 30KG ROSA;GRUPO JOGÁ ;PESCA;1,000;0;FAILED
7898006194037;COLIRIO UCB P/ CAES E GATOS 15ML;UCB VET;FARMACIA;1,000;0;FAILED
7896183316716;COLONIA CHICLETE KDOG 120ML;KDOG;PET;1,000;0;FAILED
7896183316709;COLONIA MELAO KDOG 120ML;KDOG;PET;1,000;0;FAILED
7898555080874;COMEDOURO AVES TUBULAR 5KG;DIVERSAS;AVES;1,000;0;FAILED
7898692160088;COMEDOURO AVES TUBULAR 5KG;DIVERSAS;AVES;1,000;0;FAILED
7898975534575;COMEDOURO RASO GATO COR MAGENTA 300ML;STARK FLAT ;PET;1,000;0;FAILED
7898901045144;CONCHA GALVANIZADA 500G;DIVERSAS;GERAL;1,000;0;FAILED
7893230000482;CONCHA GALVANIZADA 5KG;DIVERSAS;GERAL;1,000;0;FAILED
7897114100633;CONJUNTO CHAVE BALANCIN;CAÇULA;FERRAMENTAS;1,000;0;EXCLUDED
7891126001629;COPROVET 500 MG;COVELI;FARMACIA;1,000;0;FAILED
7896014901067;CREOLINA 500ML;PEARSON;FARMACIA;1,000;0;FAILED
7898232031519;CRIASIL FERRO 15ML;VANSIL;FARMACIA;1,000;0;FAILED
7798121251311;DICHAVADOR METAL ROLLING CIRCUS;DIVERSAS;TABACARIA;1,000;0;FAILED
7897460020128;DOLEMIL 10G;JOFADEL;FARMACIA;1,000;0;FAILED
7898110102188;EIXO SARLO CERAMICO SB2000;GRUPO SARLO ;AQUARISMO;1,000;0;FAILED
7898096850776;ELO-XICAM 0,2% INJ. 20 ML;CHEMITEC;FARMACIA;1,000;0;FAILED
7891117045694;ENXADA METALICA CANAVIEIRA GOIVADA 215/25;TRAMONTINA;FERRAMENTAS;1,000;0;EXCLUDED
7890010110713;ESCOVA DUPLA MADEIRA;RAIMUNDO PET;PET;1,000;0;FAILED
7896548580011;FACA NINJA;HT;CUTELARIA;1,000;0;FAILED
6900006010352;FACA TATICA;HT;CUTELARIA;1,000;0;FAILED
7800006005237;FACA TATICA MILITAR;HT;CUTELARIA;1,000;0;FAILED
7891112011496;FACAO MATO 18;TRAMONTINA;FERRAMENTAS;1,000;0;EXCLUDED
7893595584740;FILTRO EXTERNO HF-300;OCEAN TECH;AQUARISMO;1,000;0;FAILED
7893595584764;FILTRO EXTERNO HF-400;OCEAN TECH;AQUARISMO;1,000;0;FAILED
7891289037121;FIO TORCIDO NYLON 200G;MAZZAFERRO;PESCA;1,000;0;FAILED
7892019100252;FOGAO CAMPER LUXO 2 BOCAS;SUZANPEÇAS;GERAL;1,000;0;FAILED
7897114120242;FORCADAO P/ CARVAO COM 16 DENTES;GERAL;FERRAMENTAS;1,000;0;EXCLUDED
7891117011880;FORCADO METALICO DE ARAME 4 DENTES CABO DE MADEIRA 120CM;TRAMONTINA;FERRAMENTAS;1,000;0;EXCLUDED
7891117012344;FORCADO METALICO PARA CASCALHO, 10 DENTES, CABO DE MADEIRA 71 CM, EMPUNHADU;TRAMONTINA;FERRAMENTAS;1,000;0;EXCLUDED
7898049716685;FORMOPED 400 ML;ZOETIS;FARMACIA;1,000;0;FAILED
7899781602427;FRALDA DESCARTAVEL 3UN GG 15 A 20KG;PRO CANINE;PET;1,000;0;EXCLUDED
7898909001197;FRALDA DESCARTAVEL P;TELMA LACO;PET;1,000;0;FAILED
7898053772868;FRONTLINE PLUS ATE 10 KG;MERIAL;FARMACIA;1,000;0;FAILED
7898925885078;FUMIGADOR GRANDE P/ APICULTOR;DIVERSAS;FERRAMENTAS;1,000;0;EXCLUDED
7898593581548;FUMIGADOR PEQUENO P/ APICULTOR;DIVERSAS;FERRAMENTAS;1,000;0;EXCLUDED
7898601812183;GAIOLA HAMSTER CHANFR. PARQ. EPOXI;LONDRINA;PET;1,000;0;FAILED
7898601812114;GAIOLA HAMSTER MEIA LUA JR EPOXI E115;LONDRINA;PET;1,000;0;FAILED
7898601812718;GAIOLA QUADRADA PRATA P009;LONDRINA;PASSAROS;1,000;0;FAILED
7893095815344;GARRAFA TERMICA 1000ML;STANLEY;CUTELARIA;1,000;0;FAILED
7893095443608;GARRAFA TERMICA 1L;STANLEY;CUTELARIA;1,000;0;FAILED
7893095818239;GARRAFA TERMICA 2L;DIVERSAS;GERAL;1,000;0;FAILED
7891023509273;GARRAFAO TERMICO AZUL 5LT;TERMOLAR;GERAL;1,000;0;FAILED
7891023064406;GARRAFAO TERMICO VERMELHO 5LT;TERMOLAR;GERAL;1,000;0;FAILED
7896006208914;GAVIZ V 10MG CARTELA;AGENER UNIÃO;FARMACIA;1,000;0;FAILED
7896544403741;GENCO PH- LIQUIDO ACIDULANTE 1L;GENCO;PISCINA;1,000;0;FAILED
7899454453615;GLOBO TERRESTRE GIRATORIO POLITICO;DIVERSAS;GERAL;1,000;0;FAILED
7898582458578;GO BOWL ROSA;ZEEDOG;PET;1,000;0;FAILED
7897348201090;GOLDEN CAES AD MEGA 15KG;PREMIER;RACAO ;1,000;0;EXCLUDED
7897348202134;GOLDEN CAES FILHOTES CARNE 15KG;PREMIER;RACAO ;1,000;0;EXCLUDED
7897348200741;GOLDEN CAES FILHOTES FRANGO 15KG;PREMIER;RACAO ;1,000;0;EXCLUDED
7897085902663;GOOD CARE SOLUCAO LIMPEZA DOS OLHOS 100 ML;MUNDO ANIMAL;FARMACIA;1,000;0;FAILED
7898094330171;GRAMPO PARA MARCENEIRO C2 50MM SARGENTO;BRASFORT;FERRAMENTAS;1,000;0;EXCLUDED
7898053580623;HEMOLITAN PET 60 ML;VETNIL;FARMACIA;1,000;0;FAILED
7898480957470;ISCA BRAVA 77;MARINE SPORTS;PESCA;1,000;0;FAILED
7908137904495;ISCA BRAVA 90 COR-051;MARINE SPORTS;PESCA;1,000;0;FAILED
7898480948195;ISCA BRAVA 90 COR-110;MARINE SPORTS;PESCA;1,000;0;FAILED
7908137904372;ISCA BRAVA GRAND 100 COR-014;MARINE SPORTS;PESCA;1,000;0;FAILED
7908137904440;ISCA BRAVA GRAND 100 COR-053;MARINE SPORTS;PESCA;1,000;0;FAILED
7908137904426;ISCA BRAVA GRAND 100 COR-450;MARINE SPORTS;PESCA;1,000;0;FAILED
7898480940984;ISCA HAMMER 85 COR-024;MARINE SPORTS;PESCA;1,000;0;FAILED
7908137904952;ISCA INNA 60 COR-HGT;MARINE SPORTS;PESCA;1,000;0;FAILED
7908137904945;ISCA INNA 60 COR-HOT;MARINE SPORTS;PESCA;1,000;0;FAILED
7908137904983;ISCA INNA 70 COR-38HT;MARINE SPORTS;PESCA;1,000;0;FAILED
7898480943299;ISCA INNA 90 COR-450;MARINE SPORTS;PESCA;1,000;0;FAILED
7908137907243;ISCA MINI CRANK CBB12;MARINE SPORTS;PESCA;1,000;0;FAILED
7908137907120;ISCA MINI CRANK CHB11;MARINE SPORTS;PESCA;1,000;0;FAILED
7898480944173;ISCA MINI CRANK S084;MARINE SPORTS;PESCA;1,000;0;FAILED
7898480957111;ISCA RAPTOR MINNOW 120;MARINE SPORTS;PESCA;1,000;0;FAILED
7898480957166;ISCA RAPTOR MINNOW 120;MARINE SPORTS;PESCA;1,000;0;FAILED
7898480956749;ISCA REI DO RIO 95;MARINE SPORTS;PESCA;1,000;0;FAILED
7898480956787;ISCA REI DO RIO 95;MARINE SPORTS;PESCA;1,000;0;FAILED
7898480956817;ISCA REI DO RIO 95;MARINE SPORTS;PESCA;1,000;0;FAILED
7908137904174;ISCA VULCAN 65 N11;MARINE SPORTS;PESCA;1,000;0;FAILED
7898480948003;ISCA VULCAN 80 COR-24;MARINE SPORTS;PESCA;1,000;0;FAILED
7908137904181;ISCA VULCAN 80 N11;MARINE SPORTS;PESCA;1,000;0;FAILED
7898633650289;JOGO AMERICANO VERMELHO;POWER PETS;PET;1,000;0;FAILED
11196491100;JUNTA BOMBA OLEO 038/380;RAISMAN;GERAL;1,000;0;FAILED
7893095444766;KIT GARRAFA TERMICA;STANLEY;CUTELARIA;1,000;0;FAILED
7896108810329;LABCON PROTECT PLUS 30ML;ALCON;AQUARISMO;1,000;0;FAILED
8885009361916;LAMPADA FL-36W FLUORESCENT SERIES;DIVERSAS;AQUARISMO;1,000;0;EXCLUDED
7896821501320;LANCA PULVERIZACAO C/ REGULAGEM COMPLETA;JACTO;GERAL;1,000;0;FAILED
9999400006;LANTERNA DE CABECA HIGH POWER;CMIK;PESCA;1,000;0;FAILED
7891383401729;LANTERNA FAROL DE CARREGAMENTO USB;JWS;PESCA;1,000;0;FAILED
7896660801742;LATAO PLAST. LEITE 3 LT;UNIPAC;GERAL;1,000;0;FAILED
7898189868664;LATAO PLAST. LEITE 50 LT;INJESUL;GERAL;1,000;0;FAILED
7898189860385;LATAO PLAST. LEITE 5LT;INJESUL;GERAL;1,000;0;FAILED
7898417658555;LAVIZ M.O HORSE 40G;LAVIZOO;FARMACIA;1,000;0;FAILED
7891645068936;LIMA MOTOSERRA 8X3 FINA;K&F;FERRAMENTAS;1,000;0;EXCLUDED
7898019862541;LIMP E HIDRAT PLUS 100ML;OURO FINO;FARMACIA;1,000;0;FAILED
7898402000123;LIMPA LAGRIMAS 80 ML;PET MINATO;FARMACIA;1,000;0;FAILED
7891289030894;LINHA DOURADO 250GR 0.45MM;MAZZAFERRO;PESCA;1,000;0;FAILED
7891289030900;LINHA DOURADO 250GR 0.50MM;MAZZAFERRO;PESCA;1,000;0;FAILED
8800550876047;LINHA FLUORESCENTE TECHINCIA 0,25MM;CMIK;PESCA;1,000;0;FAILED
7899000220098;LINHA PLATINUM XT 0,60MM;OTTONI;PESCA;1,000;0;FAILED
7908137910762;LINHA VEXTER POWER LEADER 20.5LB 0.37MM;MARINE SPORTS;PESCA;1,000;0;FAILED
7898335660425;LUCK CAT CASTRADO PEIXE 20KG;LUCK DOG;RACAO ;1,000;0;EXCLUDED
7898335660289;LUCK DOG GOLD RACAS PEQUENAS 24% 20KG;LUCK DOG;RACAO ;1,000;0;EXCLUDED
7898971876921;MACACAO CIRURGICO CORAL N2;PROCANINE;PET;1,000;0;FAILED
7898971876969;MACACAO CIRURGICO CORAL N6;PROCANINE;PET;1,000;0;FAILED
7898971876976;MACACAO CIRURGICO CORAL N7;PROCANINE;PET;1,000;0;FAILED
7898933974221;MACACAO CIRURGICO N10;POWER PETS;PET;1,000;0;FAILED
7896367700881;MACHADINHA C/ CABO DE MADEIRA;FAMASTIL;FERRAMENTAS;1,000;0;EXCLUDED
7898011972002;MACHADINHA CABO FIBRA DE VIDRO 660G;THOMPSON;FERRAMENTAS;1,000;0;EXCLUDED
7891117058175;MACHADO TRAMONTINA C/ CABO 90CM;TRAMONTINA;FERRAMENTAS;1,000;0;EXCLUDED
7898066490216;MACHADO WENZEL COM CABO;WENZEL;FERRAMENTAS;1,000;0;EXCLUDED
7898515877865;MANHOSINHO BORBOLETA MIÇANGA AUDI VERMELHA 11MM;BOIAS BARÃO;PESCA;1,000;0;EXCLUDED
7898515877674;MANHOSINHO BORBOLETA MIÇANGA BOLA DE FUT. VERMELHA 9MM;BOIAS BARÃO;PESCA;1,000;0;EXCLUDED
7898515877636;MANHOSINHO CRUZADO MIÇANGA PITANGA VERMELHA 9MM;BOIAS BARÃO;PESCA;1,000;0;EXCLUDED
7893095814514;MAQUINA DE TOSA B-MAX;B-MAX;PET;1,000;0;FAILED
798190053172;MAQUINA PARA ENROLAR CIGARRO PQ;SADHU;TABACARIA;1,000;0;EXCLUDED
7898956381259;MAQUINA PARA ENROLAR CIGARROS;HI TOBACCO;TABACARIA;1,000;0;EXCLUDED
7897488001581;MARTELO BORRACHA 80MM;MAX FERRAMENTAS;FERRAMENTAS;1,000;0;EXCLUDED
7898053598338;METILVET 10 COMP. 10MG;VETNIL;FARMACIA;1,000;0;FAILED
5420036926672;MILBEMAX 5 A 25 KG CX (2UN);ELANCO;FARMACIA;1,000;0;FAILED
7898930694535;MINERAL MIX 1,5KG;BIOTRON;PASSAROS;1,000;0;FAILED
7899781601192;MOLHO PROCANINE SABOR CARNE 250G;PRO CANINE;PET;1,000;0;FAILED
7908137907151;MOLINETE ARENA 3000;MARINE SPORTS;PESCA;1,000;0;FAILED
8800550820323;MOLINETE DEBAO ROSA 2;CMIK;PESCA;1,000;0;FAILED
7908137910915;MOLINETE JIMMY BLUE LINHA;MARINE SPORTS;PESCA;1,000;0;FAILED
4710155376382;MOLINETE MARURI BELGA 3000;MARURI;PESCA;1,000;0;FAILED
7898480956169;MOLINETE VISTA 1000;MARINE SPORTS;PESCA;1,000;0;FAILED
7898195864018;MUSCLE DOG 250 G;ORGANNACT;FARMACIA;1,000;0;FAILED
4064951005565;NEXGARD GATO 0,8 A 2,5KG;MERIAL;FARMACIA;1,000;0;FAILED
7898053593920;OPTIVET TEARS 10ML;VETNIL;FARMACIA;1,000;0;FAILED
7898053581668;ORGANEW 1KG;VETNIL;FARMACIA;1,000;0;FAILED
7899880658073;ORGANIZADOR DE VARAS DEFENDER 1,95M PRETO;GRUPO JOGÁ ;PESCA;1,000;0;FAILED
7891863800059;OSSO FEMUR DEFUMADO BOVINO;QUEROSSO;PET;1,000;0;FAILED
7896006219996;OTOCALM 14ML;AGENER UNIÃO;FARMACIA;1,000;0;FAILED
7891117048701;PA BICO COM CABO 120 CM;TRAMONTINA;FERRAMENTAS;1,000;0;EXCLUDED
6976245091483;PA HIGIENICA MIX;DIVERSAS;PET;1,000;0;FAILED
7898070961214;PECA 07 UNHA;HOPPNER;FARMACIA;1,000;0;FAILED
7898341240086;PEDRA LATERITA N3 1KG;AQUA PEDRAS;AQUARISMO;1,000;0;FAILED
7898585386489;PEITORAL POLICE 29CM VERMELHO;POWER PETS;PET;1,000;0;FAILED
7898100550289;PENEIRA FUBA/CAL 55 ARO MADEIRA;SAO JORGE;GERAL;1,000;0;FAILED
7898019863159;PENFORT PPU LA INJ. 50 ML;OURO FINO;FARMACIA;1,000;0;FAILED
7898585386564;PENTE DUPLO AZUL;PET KING;PET;1,000;0;FAILED
7898104093935;PERFUME MELANCIA 60ML;CIA DO PET;PET;1,000;0;FAILED
7899781600232;PERFUME NEW YORK 120ML;PRO CANINE;PET;1,000;0;FAILED
7899781615915;PERFUME PRO FELINE PRECIOSO 120ML;PRO FELINE;PET;1,000;0;FAILED
7899781601109;PERFUME PROCANINE NEW YORK 500ML;PRO CANINE;PET;1,000;0;FAILED
7899781601093;PERFUME PROCANINE PARIS 500ML;PRO CANINE;PET;1,000;0;FAILED
7891117011453;PICARETA METALICA ESTREITA, TAMANHO 4, CABO DE MADEIRA DE 90 CM;TRAMONTINA;FERRAMENTAS;1,000;0;EXCLUDED
7898006191418;PLACENTINA INJ. 10 ML;UCB VET;FARMACIA;1,000;0;FAILED
7898505247135;PNEU CARRIOLA CONST. COLSON 3,25X8;COLSON;GERAL;1,000;0;FAILED
7893223001298;PNEU RODA CARRINHO COMPLETA METALOSA;METALOSA;GERAL;1,000;0;FAILED
7899088221918;PONTA PORCELANA DE VARA Nº 6,5;JAU PESCA;PESCA;1,000;0;FAILED
7899880650343;PORTA VARAS COM BOLSO 1,80M PRETO;GRUPO JOGÁ ;PESCA;1,000;0;FAILED
7899880621589;PORTA VARAS COM BOLSO 1,90M PRETO;GRUPO JOGÁ ;PESCA;1,000;0;FAILED
7899880650435;PORTA VARAS DEFENDER 2,00M;GRUPO JOGÁ ;PESCA;1,000;0;FAILED
7896426498445;PORTABLE IGNITION LAMP JY9844;D62;PESCA;1,000;0;FAILED
7898598871095;POYTARA CARPA MIX 6KG;POYTARA;AQUARISMO;1,000;0;FAILED
7896230501065;PREGO 17X21 1KG;ARCELORMITAL;FERRAMENTAS;1,000;0;EXCLUDED
7891738018992;PREGO 18X27 1KG GERDAU;GERDAU;FERRAMENTAS;1,000;0;EXCLUDED
7897348201113;PREMIER AMBIENTES INTERNOS FILHOTES 1KG;PREMIER;RACAO ;1,000;0;FAILED
7897348200949;PREMIER CAES AD RACAS PEQUENAS FRANGO 15KG;PREMIER;RACAO ;1,000;0;EXCLUDED
7897348200963;PREMIER CAES FILHOTES RACAS PEQUENAS 1KG;PREMIER;RACAO ;1,000;0;FAILED
7897348207702;PREMIER GATO CAST. 7 A 11 ANOS 7,5KG;PREMIER;RACAO ;1,000;0;FAILED
7897348204442;PREMIER NUTRI. CLINICA GATOS URINARIO 1,5KG;PREMIER;RACAO ;1,000;0;FAILED
7896181218722;PREMIUM CAT AD. BELEZA PELAGEM 10KG;ROYAL CANIN;RACAO ;1,000;0;FAILED
7898195863608;PROMUN CAT PASTA 30GR;ORGANNACT;PET;1,000;0;FAILED
7898255171681;PROTETOR AURICULAR CONCHA VERMELHO;RINO;GERAL;1,000;0;FAILED
7891645053758;PROTETOR LIMA ENXADA KF;NICHOLSON;FERRAMENTAS;1,000;0;EXCLUDED
7891988054436;PULVERIZADOR GUARANY 10L;GUARANY;GERAL;1,000;0;FAILED
7891988006589;PULVERIZADOR GUARANY 5L;GUARANY;GERAL;1,000;0;FAILED
7896821500279;PULVERIZADOR JACTO PJH20 20L;JACTO;GERAL;1,000;0;FAILED
7896660874272;PULVERIZADOR JACTO XP-20 20L;JACTO;GERAL;1,000;0;FAILED
7898701921037;RASQUEADEIRA MADEIRA G;RAIMUNDO PET;PET;1,000;0;FAILED
7892041515222;RASQUEADEIRA PLASTICO G;ELO IMPORTS;PET;1,000;0;FAILED
7898581900191;REDE PARA PEIXE N03;DELFIM;AQUARISMO;1,000;0;FAILED
69851254;REFIL FILTRO EXT. HF-400;OCEAN TECH;AQUARISMO;1,000;0;EXCLUDED
6938104012923;REGENT 6500 COMPRESSOR DE AR;K&F;AQUARISMO;1,000;0;FAILED
7896660868523;REGISTRO COMPLETO JACTO;JACTO;GERAL;1,000;0;FAILED
7898110102232;REPARO SARLO 1000;SARLOBETTER;AQUARISMO;1,000;0;FAILED
7898110104588;REPARO SARLO 2700;SARLOBETTER;AQUARISMO;1,000;0;FAILED
7898110100085;REPARO SARLO 500;SARLOBETTER;AQUARISMO;1,000;0;FAILED
1358047401960;ROUPA MACACAO CIRURGICO FEMEA N7 40CM;LULICA;PET;1,000;0;FAILED
7896181297819;ROYAL CANIN YORKSHIRE TERRIER ADULTO 2,5KG;ROYAL CANIN;RACAO ;1,000;0;FAILED
7898480950860;SABIKI VERDE Nº10;MARINE SPORTS;PESCA;1,000;0;FAILED
7898699316051;SANITARIO PET VERMELHO;2D PET;PET;1,000;0;FAILED
7899409052542;SAPATENIS BICO QUADRADO N43 REF128;ARPÉ;GERAL;1,000;0;FAILED
7896438013186;SERROTE 18 RAMADA DIAMANTE;RAMADA FERRAMENTAS;FERRAMENTAS;1,000;0;EXCLUDED
7898019862978;SINCROCIO INJ. 4 ML;OURO FINO;FARMACIA;1,000;0;FAILED
7898940538928;SONDA MAMARIA 65 MM;WALMUR;FARMACIA;1,000;0;FAILED
7898242035682;SPECIAL CAT FILHOTE ULTRALIFE SALMAO 20KG;SPECIAL DOG;RACAO ;1,000;0;EXCLUDED
7896803017429;SUPRA CODORNA POSTURA 20KG;SUPRA;INSUMO;1,000;0;EXCLUDED
7891260022689;SUVINIL TINTA ESMALTE COR E PROT. BRANCO 0,225L;SUVINIL;GERAL;1,000;0;FAILED
7891260022771;SUVINIL TINTA ESMALTE COR E PROT. PRETO 0,225L;SUVINIL;GERAL;1,000;0;FAILED
7896660801377;TAMPA PLAST. LATAO LEITE 10 LT;MILKAN;GERAL;1,000;0;FAILED
7898608634634;TERMOMETRO PET FAMILY;PETS FAMILY;AQUARISMO;1,000;0;FAILED
7898608630131;TERMOSTATO C/ AQUECEDOR 300W;WHALE VK ;AQUARISMO;1,000;0;FAILED
7897613322642;TIG JOELHO 90 SOLD 25MM;DIVERSAS;GERAL;1,000;0;FAILED
7898315810345;TIURAN SABONETE 80GR;DUPRAT;FARMACIA;1,000;0;FAILED
7898315810413;TIURAN SOLUCAO 100ML;DUPRAT;FARMACIA;1,000;0;FAILED
7891114077179;TORQUES ARMADOR 13;TRAMONTINA;FERRAMENTAS;1,000;0;EXCLUDED
7898011972880;TRENA C/TRAVA THOMPSON 10MX25MM;THOMPSON;FERRAMENTAS;1,000;0;EXCLUDED
7898186003518;TRIGENTAL 40 G;BIMEDA;FARMACIA;1,000;0;FAILED
7897114105225;TRINCO LATERAL PORTEIRA 250MM;CAÇULA;FERRAMENTAS;1,000;0;EXCLUDED
7897114105249;TRINCO LATERAL PORTEIRA 350MM;CENTER CAMPINAS;FERRAMENTAS;1,000;0;EXCLUDED
7898232030895;UNGUENTO VANSIL PLUS 50G;VANSIL;FARMACIA;1,000;0;FAILED
7898344750087;VACINA EXCELL 10 250ML 50DS;VENCOFARMA;FARMACIA;1,000;0;FAILED
7896370105444;VAMPIRICID 50G;VALLÉE;FARMACIA;1,000;0;FAILED
4710101000255;VARA CARBONO DAIYAMA SAFIRA 1,63M SA-C541MH;DAIYAMA;PESCA;1,000;0;FAILED
7898480951867;VARA ESTRELA S341 M;MARINE SPORTS;PESCA;1,000;0;FAILED
8800550811208;VARA ULTRA LIGTH 300 - 81120;CMIK;PESCA;1,000;0;FAILED
7897916600447;VERMISAL 1,110 KG;CHAMPION;FARMACIA;1,000;0;FAILED
7898556641166;VESTIDO CAMISA POLO FEMININA LISTRADA TAM-P;ANIMAL MUNDI;PET;1,000;0;FAILED
7896780810273;XISDOG DELICIOSSO PALITO MEDIO CARNE 200G;XISDOG;PET;1,000;0;FAILED
7896780800106;XISDOG OSSO NO B;XISDOG;PET;1,000;0;FAILED
7898011974655;ABRACADEIRA DE NYLON 3,6MM X 200MM;THOMPSON;GERAL;0,000;0;FAILED
7898011975546;ABRACADEIRA DE NYLON 3,6MM X 300MM;THOMPSON;GERAL;0,000;0;FAILED
7898011974785;ABRACADEIRA DE NYLON 4,8MM X 200MM;THOMPSON;GERAL;0,000;0;FAILED
7898011974686;ABRACADEIRA DE NYLON 4,8MM X 200MM;THOMPSON;GERAL;0,000;0;FAILED
7898011974693;ABRACADEIRA DE NYLON 4,8MM X 250MM;THOMPSON;GERAL;0,000;0;FAILED
7898011975553;ABRACADEIRA DE NYLON 4,8MM X 250MM;THOMPSON;GERAL;0,000;0;FAILED
7898011975560;ABRACADEIRA DE NYLON 4,8MM X 370MM;THOMPSON;GERAL;0,000;0;FAILED
7896803019089;ACQUA LINE ANZOL DE OURO 24% 14MM 25KG;SUPRA;INSUMO;0,000;0;EXCLUDED
7898053586298;ALANTOL BISNAGA 25G;VETNIL;FARMACIA;0,000;0;FAILED
7896108852022;ALCON WEEKEND 3 DIAS 16G;ALCON;AQUARISMO;0,000;0;FAILED
8800550802183;ALICATE BALANÇA TRENA 15KG;CMIK;PESCA;0,000;0;EXCLUDED
7898916041407;ALICATE FORMIGA 30CM;ARTIFICE ;FERRAMENTAS;0,000;0;EXCLUDED
7898053586540;AMINOMIX PET GOLD 500G;VETNIL;FARMACIA;0,000;0;FAILED
7898515877001;ANTENINHA EMPANADA BARAO CHIFRINHO RACAO ESCURA 12MM;BOHRINGER INGELHEIM;PESCA;0,000;0;FAILED
7898480923840;ANZOL 12147 N 06;MARINE SPORTS;PESCA;0,000;0;FAILED
7898103913258;ANZOL DIVERSOS KANZES;KANZE´S;PESCA;0,000;0;FAILED
7898006193016;APYRON INJ. 100 ML;UCB VET;FARMACIA;0,000;0;FAILED
7898006194198;APYRON INJ. 30ML;UCB VET;FARMACIA;0,000;0;FAILED
7899192200113;ARAME FARPADO RODEIO F16 100M;BELGO;FERRAMENTAS;0,000;0;EXCLUDED
7897720281078;BALANCA DIGITAL 50KG;CMIK;PESCA;0,000;0;EXCLUDED
7898070967667;BANDAGEM ADESIVA LATEX AZUL 10CM;HOPPNER;FARMACIA;0,000;0;FAILED
7898070963409;BANDAGEM ADESIVA LATEX BEGE 10CM;HOPPNER;FARMACIA;0,000;0;FAILED
7898070967803;BANDAGEM ADESIVA LATEX BRANCO 10CM;HOPPNER;FARMACIA;0,000;0;FAILED
7898070966929;BANDAGEM ADESIVA LATEX CAMUFLADA 10CM;HOPPNER;FARMACIA;0,000;0;FAILED
7898070967827;BANDAGEM ADESIVA LATEX MARROM 10CM;HOPPNER;FARMACIA;0,000;0;FAILED
7898070967704;BANDAGEM ADESIVA LATEX PRETO 10CM;HOPPNER;FARMACIA;0,000;0;FAILED
7898070967728;BANDAGEM ADESIVA LATEX ROSA 10CM;HOPPNER;FARMACIA;0,000;0;FAILED
7898070967773;BANDAGEM ADESIVA LATEX VERMELHO 10CM;HOPPNER;FARMACIA;0,000;0;FAILED
7898105850070;BICO MAMADEIRA BEZERRO MARROM;WALMUR;FARMACIA;0,000;0;FAILED
7898515870026;BOIA ARREMESSO 40G;BOIAS BARÃO;PESCA;0,000;0;FAILED
7898515876677;BOIA CEVADEIRA BIG TAMBA 60G;BOIAS BARÃO;PESCA;0,000;0;FAILED
7898515870378;BOIA CEVADEIRA GIGANTE 65G;BOIAS BARÃO;PESCA;0,000;0;FAILED
7898515870255;BOIA CEVADEIRA GRANDE 23CM 55G;BOIAS BARÃO;PESCA;0,000;0;FAILED
7898515875465;BOIA FOGUETE 110G;AGUAPÉ;PESCA;0,000;0;FAILED
7895153031802;BOIA ISOPOR ARREMESSO;JR ESPORTE E PESCA;PESCA;0,000;0;EXCLUDED
7898515870521;BOIA LAMBARI N2;BOIAS BARÃO;PESCA;0,000;0;FAILED
7898515875366;BOIA TORPEDO N1 10G;AGUAPÉ;PESCA;0,000;0;FAILED
5420036980490;BOLFO 1 KG;BAYER;FARMACIA;0,000;0;FAILED
5420036980483;BOLFO 200 G;ELANCO;FARMACIA;0,000;0;FAILED
7898581900016;BOLSA N1 10X20;TERMO DELFIM;AQUARISMO;0,000;0;FAILED
7898581900078;BOLSA N7 22X22;TERMO DELFIM;AQUARISMO;0,000;0;FAILED
7898244700250;BOMBA BATOM N1;FOGOS GLOBO;GERAL;0,000;0;FAILED
7898110101877;BOMBA SARLO SUBMERSA MINI C;SARLOBETTER;AQUARISMO;0,000;0;FAILED
7898132130015;BOMBA TERERE FERRO REDONDA LISA 19CM REF.120;TERERE CLUB;GERAL;0,000;0;FAILED
7898966220333;BOMBA TERERE INOX C/ BOJO EM PLASTICO;TERERE CLUB;GERAL;0,000;0;FAILED
7898070961726;BORRACHA P/SER. HOPPNER 30ML;HOPPNER;FARMACIA;0,000;0;FAILED
7899239486340;BOTA PRETA CANO LONGO N42;DIVERSAS;GERAL;0,000;0;FAILED
700360000180025;BOTINA INFANTIL VALENT N25;VALENT CALÇADOS;GERAL;0,000;0;FAILED
100001000240043;BOTINA NOBUCK TABACO N43;VALENT CALÇADOS;GERAL;0,000;0;EXCLUDED
7894751199235;BRINQUEDO 34,99;GALLEGO;GERAL;0,000;0;FAILED
7894751199242;BRINQUEDO 39,99;GALLEGO;GERAL;0,000;0;FAILED
7899984606444;BRINQUEDO ARGOLA C/FUROS DE BORRACHA MACICO 9CM;BANANA TOYS;PET;0,000;0;FAILED
7890010340400;BRINQUEDO BANANA PELUCIA;RAIMUNDO PET;PET;0,000;0;FAILED
7890010290309;BRINQUEDO BOLA MAGICA LED;RAIMUNDO PET;PET;0,000;0;FAILED
7894092114447;BRINQUEDO BOLA SILICONE RELEVO;RAIMUNDO PET;PET;0,000;0;FAILED
7908010307740;BRINQUEDO VARINHA INTERATIVA;RAIMUNDO PET;PET;0,000;0;FAILED
606529496593;CABO ALUMINIO P/LIMPAR PISCINA 2,0X4M;STYLUS;PISCINA;0,000;0;FAILED
7898996152635;CABO DE ENXADA 1,5M;MALINSKI;FERRAMENTAS;0,000;0;EXCLUDED
7891065011635;CADEADO PADO 40MM;PADO;GERAL;0,000;0;FAILED
7899675839038;CADEIRA DE PESCA DOBRAVEL ALBATROZ;ALBATROZ;PESCA;0,000;0;FAILED
7908137907939;CADEIRA DOBRAVEL G 110KG;MARINE SPORTS;PESCA;0,000;0;FAILED
7899809033615;CAIXA ORGANIZADORA CONTAINER TRANSPARENTE 30L;ERCA PLAST;GERAL;0,000;0;FAILED
7896185970947;CALMINEX 100G;MSD;FARMACIA;0,000;0;FAILED
7892137188293;CAMA ITALIA MEDIA;TOP PET;PET;0,000;0;FAILED
7898455552877;CAMA SAFIRA G C/STRASS;STILO DOG;PET;0,000;0;FAILED
18583062919;CANETA ALLFLEX (TAGPEN) P/BRINCOS;ALLFLEX;FARMACIA;0,000;0;FAILED
7896021911172;CANTIL TERM 2,5 LT VERMELHA;SOPRANO;GERAL;0,000;0;FAILED
7891117044413;CARRETEL APARADOR GRAMA FIO DE NYLON 1.8MM;TRAMONTINA;GERAL;0,000;0;FAILED
7908137904891;CARRETILHA VERSUS 8000 SHI 8ROL;MARINE SPORTS;PESCA;0,000;0;FAILED
7908137904907;CARRETILHA VERSUS 8000 SHIL 8ROL;MARINE SPORTS;PESCA;0,000;0;FAILED
7898601270266;CATOFOS B12 INJ. 20 ML;JA SAUDE ANIMAL;FARMACIA;0,000;0;FAILED
7891117051497;CAVADEIRA ARTICULADA 110 CM;TRAMONTINA;FERRAMENTAS;0,000;0;EXCLUDED
7891149010509;CERVEJA BRAHMA 350ML;BRAHMA;GERAL;0,000;0;EXCLUDED
78936683;CERVEJA HEINEKEN 330ML;HEINEKEN;GERAL;0,000;0;EXCLUDED
7890000029780;CHAPEU AUSTRALIANO CAMUFLADO C/ ABAS;DIVERSAS;GERAL;0,000;0;FAILED
7898679460323;CHAPEU DE PALHA 106 G;CHAPEU VIDEIRA;GERAL;0,000;0;FAILED
7898679460156;CHAPEU DE PALHA 108;CHAPEU VIDEIRA;GERAL;0,000;0;FAILED
7898679460125;CHAPEU DE PALHA 324;CHAPEU VIDEIRA;GERAL;0,000;0;FAILED
7898679460019;CHAPEU DE PALHA 505 G;CHAPEU VIDEIRA;GERAL;0,000;0;FAILED
7898679460170;CHAPEU DE PALHA 505 GF;CHAPEU VIDEIRA;GERAL;0,000;0;FAILED
7898679460163;CHAPEU DE PALHA 505 GG;CHAPEU VIDEIRA;GERAL;0,000;0;FAILED
7898679460040;CHAPEU DE PALHA 508 PRETO;CHAPEU VIDEIRA;GERAL;0,000;0;FAILED
7898679460644;CHAPEU DE PALHA SOCIAL 0001;CHAPEU VIDEIRA;GERAL;0,000;0;FAILED
7898515878107;CHICOTE ANTENINHA BORBOLETA EVA CAFE C/ LEITE 10MM;BOIAS BARÃO;PESCA;0,000;0;FAILED
7898515878138;CHICOTE ANTENINHA BORBOLETA EVA EMPANADO 10MM;BOIAS BARÃO;PESCA;0,000;0;FAILED
7898515878152;CHICOTE ANTENINHA BORBOLETA EVA MARROM 10MM;BOIAS BARÃO;PESCA;0,000;0;FAILED
7898515878121;CHICOTE ANTENINHA BORBOLETA EVA RACAO 10MM;BOIAS BARÃO;PESCA;0,000;0;FAILED
7898515878046;CHICOTE ANTENINHA CHIFRINHO EVA CAFE C/ LEITE 10MM;BOIAS BARÃO;PESCA;0,000;0;FAILED
7898515878190;CHICOTE ANTENINHA CRUZADO EVA EMPANADO 10MM;BOIAS BARÃO;PESCA;0,000;0;FAILED
7898167270489;COADOR LEITE C/ TELA NYLON;DIVERSAS;GERAL;0,000;0;FAILED
7891200017317;COLA SUPER BONDER HENKEL MEGA;LOCTITE;GERAL;0,000;0;FAILED
7898699652685;COLCHONETE PLACA DE ESPUMA N6;MARCELINO & CANEVARI LTDA;PET;0,000;0;FAILED
7898699651510;COLCHONETE SILICONE PRIMAVERA N3;MARCELINO & CANEVARI LTDA;PET;0,000;0;FAILED
7896183301309;COLONIA FEMEA LABELLE 120ML;SANOL;PET;0,000;0;FAILED
7898966150050;COMEDOURO ALUMINIO COCKER;DIVERSAS;PET;0,000;0;FAILED
7896183316648;CONDICIONADOR KDOG 500ML;KDOG;PET;0,000;0;FAILED
7898053580401;CONDROTON 1000 MG;VETNIL;FARMACIA;0,000;0;FAILED
602883306769;COPO ECO COM TAMPA TERERE 390ML;TERERE CLUB;GERAL;0,000;0;FAILED
7898056653027;DESENGRAXANTE 5L;SUNCAR;GERAL;0,000;0;FAILED
7898053580180;DM GEL 300G;VETNIL;FARMACIA;0,000;0;FAILED
7898201803819;DOXITABS HOSP 100MG;BIOVET;FARMACIA;0,000;0;FAILED
7896183305000;ELIMINADOR DE ODORES HERBAL 2 L;KDOG;PET;0,000;0;FAILED
7896183305024;ELIMINADOR DE ODORES LAVANDA 2L;KDOG;PET;0,000;0;FAILED
70847022015;ENERGETICO MONSTER  473ML;MONSTER;GERAL;0,000;0;FAILED
7898641480656;ENFORCADOR 3,5MM X 0,60CM;JR CORRENTES;PET;0,000;0;FAILED
7898515876189;ENGATE RAPIDO 30LBX20CM C/ 5UN;BOIAS BARÃO;PESCA;0,000;0;FAILED
7898045200119;ENXADA ALPE 3,5;ALPE;FERRAMENTAS;0,000;0;EXCLUDED
7891117045687;ENXADA LARGA CANAVIEIRA  2,5LL;TRAMONTINA;FERRAMENTAS;0,000;0;EXCLUDED
8058309070301;ESCOVA SECADORA PET;AUTO-CLEAN ;PET;0,000;0;FAILED
7897186078380;ESTILETE LAMINA LARGA 18MM DE PLASTICO EMBOR. C/TRILHO DE METAL + REFIL COL;WESTERN;FERRAMENTAS;0,000;0;EXCLUDED
8800550821337;ESTOJO BLINDADO PQ;CMIK;PESCA;0,000;0;FAILED
7898914878371;ESTOJO TARTARUGA;HI;PESCA;0,000;0;FAILED
7898515876813;EVA FORMATO RAÇÃO PESCA C/10UN 12MM;BOIAS BARÃO;PESCA;0,000;0;FAILED
7891112013803;FACAO MATO 10;TRAMONTINA;FERRAMENTAS;0,000;0;EXCLUDED
7891112013810;FACAO MATO 12;TRAMONTINA;FERRAMENTAS;0,000;0;EXCLUDED
609963528929;FEROMONIO CEVA EM PO 200G;CEVA;PESCA;0,000;0;FAILED
597298555474111;FEROMONIO CEVA LIQUIDO 100ML;CEVA;PESCA;0,000;0;FAILED
7893595584726;FILTRO EXTERNO HF-100;OCEAN TECH;AQUARISMO;0,000;0;FAILED
7893595584801;FILTRO EXTERNO HF-800;OCEAN TECH;AQUARISMO;0,000;0;FAILED
7897275118041;FILTRO INT.OT-62A OCEAN TEC (300L/H)127V;OCEAN TECH;AQUARISMO;0,000;0;FAILED
7897275118089;FILTRO INT.OT-82A OCEAN TEC (450L/H)127V;OCEAN TECH;AQUARISMO;0,000;0;FAILED
7898313930052;FLUIDO VOLCANO 133ML;VOLCANO;TABACARIA;0,000;0;FAILED
7891117011057;FORCADO ARAME 4 DENTES S/ CABO;TRAMONTINA;FERRAMENTAS;0,000;0;EXCLUDED
7898952624046;FORRO TNT N04;TNT;PASSAROS;0,000;0;FAILED
42127836542535989;FORTMAX 3MG CAIXA;FORTMAX;FARMACIA;0,000;0;FAILED
7898053597577;FUROLISIN 10MG;VETNIL;FARMACIA;0,000;0;FAILED
7898601812138;GAIOLA HAMSTER DELTA PARQUE EPOXI E117;LONDRINA;PET;0,000;0;FAILED
7898601812633;GAIOLA M.FINA INTERM. C/GRADE PRATA;LONDRINA;PASSAROS;0,000;0;FAILED
7893095626612;GARRAFA TERMICA 1,6L;STANLEY;CUTELARIA;0,000;0;FAILED
7893095626261;GARRAFA TERMICA 2L;STANLEY;CUTELARIA;0,000;0;FAILED
7898955019993;GARRAFA TERMICA PAVIA AZUL 2,5L;UNITERMI;GERAL;0,000;0;FAILED
7893095817775;GARRAFA TERMICA TERERE 2,5 L;STANLEY;CUTELARIA;0,000;0;FAILED
7898313930106;GAS VOLCANO REFINADO 300ML;VOLCANO;TABACARIA;0,000;0;FAILED
7896544400818;GENCO GENCLOR CLORO CONCENTRADO 10KG;GENCO;PISCINA;0,000;0;FAILED
7898053586380;GERIPET 30G;VETNIL;FARMACIA;0,000;0;FAILED
4713291448517;GIRADOR GOLD N1;MARURI;PESCA;0,000;0;FAILED
4713291448623;GIRADOR GOLD N1/0;MARURI;PESCA;0,000;0;FAILED
4713291448562;GIRADOR GOLD N10;MARURI;PESCA;0,000;0;FAILED
4713291448524;GIRADOR GOLD N2;MARURI;PESCA;0,000;0;FAILED
4713291448647;GIRADOR GOLD N3/0;MARURI;PESCA;0,000;0;FAILED
7898053585307;GLICOPAN GOLD 30 COMP.;VETNIL;FARMACIA;0,000;0;FAILED
7897348203834;GOLDEN CAES AD LIGHT MINI BITS 3KG;PREMIER;RACAO ;0,000;0;FAILED
7897348204008;GOLDEN CAES FILHOTES POWER TRAINING 15KG;PREMIER;RACAO ;0,000;0;EXCLUDED
7898053582818;HEMOLITAN PET 30 CP;VETNIL;FARMACIA;0,000;0;FAILED
7898480957494;ISCA BRAVA 77;MARINE SPORTS;PESCA;0,000;0;FAILED
7898480940953;ISCA HAMMER 85 COR-014T;MARINE SPORTS;PESCA;0,000;0;FAILED
7898480956909;ISCA RAPTOR MINNOW 70;MARINE SPORTS;PESCA;0,000;0;FAILED
7898480956886;ISCA RAPTOR MINNOW 70;MARINE SPORTS;PESCA;0,000;0;FAILED
7898053772783;IVOMEC INJETAVEL 500ML;MERIAL;FARMACIA;0,000;0;FAILED
7898006193108;KARABE 30 ML;UCB;FARMACIA;0,000;0;FAILED
7908405900754;KIT MAMADEIRA P/ FILHOTES 2 BICOS 1 ESCOVA;SAVANA PET IMPORT;PET;0,000;0;FAILED
7899452037343;LAMPADA LED AVANT 100W;AVANT;GERAL;0,000;0;EXCLUDED
7890612138344;LANTERNA JWS T90;JWS;PESCA;0,000;0;FAILED
7891289030887;LINHA DOURADO 250GR 0.40MM;MAZZAFERRO;PESCA;0,000;0;FAILED
7891289030917;LINHA DOURADO 250GR 0.60MM;MAZZAFERRO;PESCA;0,000;0;FAILED
4940764558309;LINHA FLUOROCARBON PINK 20LB 0.37MM;MARINE SPORTS;PESCA;0,000;0;FAILED
8800550803630;LINHA MULTIFILAMENTO EVII;CMIK;PESCA;0,000;0;FAILED
7899000220500;LINHA PLATINUM CARBON 0,25MM;OTTONI;PESCA;0,000;0;FAILED
7908137904334;LINHA SAIGON X4 30LB;MARINE SPORTS;PESCA;0,000;0;FAILED
7908137904341;LINHA SAIGON X4 40LB;MARINE SPORTS;PESCA;0,000;0;FAILED
7908137904358;LINHA SAIGON X4 45LB;MARINE SPORTS;PESCA;0,000;0;FAILED
7908137909315;LINHA VEXTER POWER LEADER 23.4LB 0.40MM;MARINE SPORTS;PESCA;0,000;0;FAILED
7897291832174;LIXEIRA CESTO DE PLASTICO REDONDO PRETO;GIPLAS;GERAL;0,000;0;FAILED
7898335660098;LUCK DOG FILHOTE CARNE 27% 20KG;LUCK DOG;RACAO ;0,000;0;EXCLUDED
7898335660142;LUCK DOG FILHOTE MIX 27% 20KG;LUCK DOG;RACAO ;0,000;0;EXCLUDED
7896098802618;LUVA LATEX NITRILICO AF-15 TAM 9;MUCAMBO;GERAL;0,000;0;FAILED
7898971876907;MACACAO CIRURGICO CORAL N0;PROCANINE;PET;0,000;0;FAILED
7894906170157;MACACAO CIRURGICO TAM 15;KIP DOG;PET;0,000;0;FAILED
7898515877896;MANHOSINHO BORBOLETA MIÇANGA AUDI RAÇÃO 11MM;BOIAS BARÃO;PESCA;0,000;0;EXCLUDED
7898515877681;MANHOSINHO BORBOLETA MIÇANGA BOLA DE FUT. MOSTARDA 9MM;BOIAS BARÃO;PESCA;0,000;0;EXCLUDED
7898515877742;MANHOSINHO BORBOLETA MIÇANGA SOROCABA BRANCA 9MM;BOIAS BARÃO;PESCA;0,000;0;EXCLUDED
7898515877940;MANHOSINHO CHIFRÃO MIÇANGA TAMBOR G. EMP. 11MM;BOIAS BARÃO;PESCA;0,000;0;EXCLUDED
7898515877780;MANHOSINHO CRUZADO MIÇANGA AUDI VERMELHA 11MM;BOIAS BARÃO;PESCA;0,000;0;EXCLUDED
7898650260263;MANOPLA PORTEIRA TERMINAL;MANOLA;FERRAMENTAS;0,000;0;EXCLUDED
7891114016185;MARTELO UNHA TRAMONTINA 25MM;TRAMONTINA;FERRAMENTAS;0,000;0;EXCLUDED
7898053598314;METILVET 10 COMP. 5MG;VETNIL;FARMACIA;0,000;0;FAILED
7895153998006;MIÇANGA JR. PEQUENA;COMERCIAL AMPARO;PESCA;0,000;0;EXCLUDED
7895153997849;MIÇANGA PITANGA;COMERCIAL JR;PESCA;0,000;0;EXCLUDED
7895153997498;MIÇANGA VERM TRABALHADA;COMERCIAL JR;PESCA;0,000;0;EXCLUDED
7897990159589;MIX HAMSTER NOBRE GARRAFINHA 400GR;PELISARI SEMENTES;PET;0,000;0;FAILED
7899599608598;MOLHO TASTY DOG CALABRESA 250G;DOOGS;PET;0,000;0;FAILED
7908137907168;MOLINETE ARENA 4000;MARINE SPORTS;PESCA;0,000;0;FAILED
8800550820330;MOLINETE DEBAO ROSA 3;CMIK;PESCA;0,000;0;FAILED
8800550810232;MOLINETE ENJOY SE1000;CMIK;PESCA;0,000;0;FAILED
8800550810249;MOLINETE ENJOY SE2000;CMIK;PESCA;0,000;0;FAILED
8800550810256;MOLINETE ENJOY SE3000;CMIK;PESCA;0,000;0;FAILED
8800550810263;MOLINETE ENJOY SE4000;CMIK;PESCA;0,000;0;FAILED
8800550810270;MOLINETE ENJOY SE5000;CMIK;PESCA;0,000;0;FAILED
4710122007509;MOLINETE MARURI DX 1000;MARURI;PESCA;0,000;0;FAILED
4710122007516;MOLINETE MARURI DX 2000;MARURI;PESCA;0,000;0;FAILED
4710122007523;MOLINETE MARURI DX 3000;MARURI;PESCA;0,000;0;FAILED
7898480956176;MOLINETE VISTA 2000;NEO PLUS;PESCA;0,000;0;FAILED
7897463296537;MUSGO BRANCO 40L;PRODUTOS HOLANDA;GERAL;0,000;0;FAILED
7897515653400;NATALENE 25 ML;VIRBAC;FARMACIA;0,000;0;FAILED
7898006194211;NAUSETRAT INJ. 10ML;UCB VET;FARMACIA;0,000;0;FAILED
7899776005707;NUVEM DE FUMAÇA COLORIDA FANTASMINHA;FANTASMINHA;GERAL;0,000;0;FAILED
7895250000442;PA BICO C/ CABO N4;METISA;FERRAMENTAS;0,000;0;EXCLUDED
7891117049043;PA BICO SEM CABO N3;TRAMONTINA;FERRAMENTAS;0,000;0;EXCLUDED
7897414100432;PALHA JURITI TRADICIONAL 10 PALHAS;JURITI;TABACARIA;0,000;0;FAILED
7898341241328;PEDRA DOLOMITA Nº2 1KG;AQUA PEDRAS;AQUARISMO;0,000;0;EXCLUDED
2030000004270;PENTE DUPLO CABO MADEIRA;PET NINHO;PET;0,000;0;FAILED
7896210500118;PIOLHAVES 20G;PROVETS;FARMACIA;0,000;0;FAILED
7899706416597;PIRA EVOLUTION TE 4 5 MM 25 KG;GUABI;INSUMO;0,000;0;EXCLUDED
7898940538010;PISTOLA DOSADORA KIT;TRIANGULO;FARMACIA;0,000;0;FAILED
40232780912;PITEIRA BEM BOLADO;BEM BOLADO;TABACARIA;0,000;0;FAILED
7899828221307;PLUVIOMETRO PLASTICO 140MM;INCOTERM;GERAL;0,000;0;FAILED
7000990388143;PNEU CARRIOLA MACICO RD 05 25,40MM;ALCALAY;GERAL;0,000;0;FAILED
5420036930716;POMADA PANOLOG 15ML;ELANCO;FARMACIA;0,000;0;FAILED
7908396717133;PORTA OVO 30ML;JEL PLAST;PASSAROS;0,000;0;FAILED
7899880621541;PORTA VARAS COM BOLSO 1,50M PRETO;GRUPO JOGÁ ;PESCA;0,000;0;FAILED
7898598872276;POYTARA KINGUIO DIA A DIA 15G;POYTARA;AQUARISMO;0,000;0;FAILED
7891738018930;PREGO 17X21 1KG GERDAU;GERDAU;FERRAMENTAS;0,000;0;EXCLUDED
7896230501171;PREGO 22X48 1KG;ARCELORMITAL;FERRAMENTAS;0,000;0;EXCLUDED
7897348201274;PREMIER AMBIENTES INTERNOS FILHOTES 2,5KG;PREMIER;RACAO ;0,000;0;FAILED
7897348202493;PREMIER AMBIENTES INTERNOS GATOS AD FRANGO 7,5KG;PREMIER;RACAO ;0,000;0;FAILED
7897348207306;PREMIER NUTRI. CLINICA CAES HIP. MANDIOCA RP 2KG;PREMIER;RACAO ;0,000;0;FAILED
7897348206033;PREMIER NUTRI. CLINICA CAES OBESIDADE 2KG;PREMIER;RACAO ;0,000;0;FAILED
7897348203957;PREMIER SHIH TZU ADULTO 7,5KG;PREMIER;RACAO ;0,000;0;FAILED
7898053773148;PREVICOX 227 MG;MERIAL;FARMACIA;0,000;0;FAILED
7898053582061;PROMATER 30 ML;VETNIL;FARMACIA;0,000;0;FAILED
7898195861338;PROMUN DOG TABS 52,5G;ORGANNACT;FARMACIA;0,000;0;FAILED
742832676366;PROTETOR AURICULAR CONCHA DYSTRAY;DYSTRAY;GERAL;0,000;0;FAILED
7898509769589;PROTETOR SOLAR SUNDAY FPS30 120ML;NUTRIEX;GERAL;0,000;0;FAILED
7891988006671;PULVERIZADOR GUARANY 1,2L;GUARANY;GERAL;0,000;0;FAILED
7890350129918;RASQUEADEIRA DE PELOS PET;PET BRUSH;PET;0,000;0;FAILED
7892878031513;RATOEIRA METAL GRANDE;METALDAVID;GERAL;0,000;0;FAILED
7898601812787;RATOEIRA PRATA P014;LONDRINA;GERAL;0,000;0;FAILED
69851247;REFIL FILTRO EXT. HF-300;OCEAN TECH;AQUARISMO;0,000;0;EXCLUDED
7894900010015;REFRI. COCA COLA 350ML;COCA COLA;GERAL;0,000;0;FAILED
78933873;REFRI. COCA COLA ZERO 200ML;COCA COLA;GERAL;0,000;0;FAILED
7894900700015;REFRI. COCA COLA ZERO 350ML;COCA COLA;GERAL;0,000;0;FAILED
78936478;REFRI. FANTA LARANJA 200ML;COCA COLA;GERAL;0,000;0;FAILED
7891991014908;REFRI. GUARANA ANTARCTICA 200ML;COCA COLA;GERAL;0,000;0;FAILED
7891991000826;REFRI. GUARANA ANTARCTICA 350ML;COCA COLA;GERAL;0,000;0;FAILED
7898110101174;REPARO SARLO 160;SARLOBETTER;AQUARISMO;0,000;0;FAILED
7898110100177;REPARO SARLO 180;SARLOBETTER;AQUARISMO;0,000;0;FAILED
7898110100726;REPARO SARLO 300;SARLOBETTER;AQUARISMO;0,000;0;FAILED
7898110101433;REPARO SARLO 520;SARLOBETTER;AQUARISMO;0,000;0;FAILED
7908425412695;REPELENTE XO POMBO 250G;QUIMIAGRI;FARMACIA;0,000;0;FAILED
7898049718221;REVOLUTION  06% 0,75ML (GATOS 2,6- 7,5KG);ZOETIS;FARMACIA;0,000;0;FAILED
7898324016035;REX LIMPINHO 140 ML;REX;FARMACIA;0,000;0;FAILED
7893095627299;ROBO ASPIRADOR DE PO;B-MAX;GERAL;0,000;0;FAILED
7898601810028;RODA HAMSTER PEQ C/SUPORTE EP;LONDRINA;PET;0,000;0;FAILED
7896181215790;ROYAL CANIN FELINE H.N INDOOR 7+ 1,5KG;ROYAL CANIN;RACAO ;0,000;0;FAILED
7896181214885;ROYAL CANIN PUG ADULT 1KG;ROYAL CANIN;RACAO ;0,000;0;FAILED
7898105850018;SERINGA REFORÇADA NYLON 25ML;FAZFORT;FARMACIA;0,000;0;FAILED
7891117101963;SERROTE COM LAMINA METALICA 320 MM;TRAMONTINA;FERRAMENTAS;0,000;0;EXCLUDED
7896367704599;SERROTE DE PODA CURVO;FAMASTIL;FERRAMENTAS;0,000;0;EXCLUDED
7896370104980;SINCROSIN 25 MG. INJ. 2 ML;VALLÉE;FARMACIA;0,000;0;FAILED
7899675814424;SNAP ALBATROZ BLACK NICKEL N03 C/19UN;ALBATROZ;PESCA;0,000;0;FAILED
7908137905768;SNAP N1 MARINE;MARINE SPORTS;PESCA;0,000;0;FAILED
7908137905775;SNAP N2;MARINE SPORTS;PESCA;0,000;0;FAILED
7908137905782;SNAP N3 MARINE;MARINE SPORTS;PESCA;0,000;0;FAILED
7898242031653;SPECIAL DOG ULTRALIFE RMG LIGHT CAST. FRANGO 15KG;SPECIAL DOG;RACAO ;0,000;0;EXCLUDED
7898242031967;SPECIAL DOG VEGETAIS 15KG;SPECIAL DOG;RACAO ;0,000;0;EXCLUDED
7897463296162;SUBSTRATO BASE FLOREIRA 20KG;PRODUTOS HOLANDA;GERAL;0,000;0;EXCLUDED
7898423712876;SUPER RAT;TACOM;PESCA;0,000;0;FAILED
7896803077089;SUPRA MAXXI PRECOCE 25KG;SUPRA;INSUMO;0,000;0;EXCLUDED
7898019862268;TAPETE HIG. HERBAL VET 80CMX60CM 3UN;OURO FINO;PET;0,000;0;FAILED
7898167270496;TELA COADOR DE LEITE 17CM;DIVERSAS;GERAL;0,000;0;FAILED
7898608634641;TERMOMETRO FITA AQUADENE;AQUADENE;AQUARISMO;0,000;0;FAILED
7898608630070;TERMOSTATO C/ AQUECEDOR 100W;WHALE VK ;AQUARISMO;0,000;0;FAILED
7898480952901;TESOURA BRAID LINE LS15; CASTELAR;PESCA;0,000;0;FAILED
609963918461;TESOURA NA BOA BUD CUTTER;VILLA`S;TABACARIA;0,000;0;FAILED
7898011972842;TRENA C/TRAVA THOMPSON 5,0MX16MM;THOMPSON;FERRAMENTAS;0,000;0;EXCLUDED
7897117105201;TRINCO LATERAL PORTEIRA 155CM;CENTER CAMPINAS;FERRAMENTAS;0,000;0;EXCLUDED
7897114101395;TRINCO PORTEIRA COM BATEDOR 30CM;CENTER CAMPINAS;FERRAMENTAS;0,000;0;EXCLUDED
7896370105048;VACINA RAIVACEL MULTI 50ML COM 25 DOSES;DIVERSAS;FARMACIA;0,000;0;FAILED
8800550820606;VARA CMIK 1,80M 20-45 LBS REF.60;CMIK;PESCA;0,000;0;FAILED
8800550801193;VARA TELESCOPICA TRAIRA 500;CMIK;PESCA;0,000;0;FAILED
7891117051992;VASSOURA METALICA REGULAVEL 22 DENTES, COM CABO DE MADEIRA DE 120 CM, PARA;TRAMONTINA;GERAL;0,000;0;FAILED
7898006194662;VERRUTRAT 20ML;UCB;FARMACIA;0,000;0;FAILED
7898055524854;VIAPOL MASSA F-12 IMBUIA 400 GR;VIAPOL ;GERAL;0,000;0;FAILED
7898055524830;VIAPOL MASSA F-12 MOGNO 400 GR;VIAPOL ;GERAL;0,000;0;FAILED
7897348206682;VITTA NATURAL CAES FILHOTES CARNE 15 KG;PREMIER;RACAO ;0,000;0;FAILED
7897348206712;VITTA NATURAL CAES FILHOTES RP FRANGO 10KG;PREMIER;RACAO ;0,000;0;FAILED
7897348206736;VITTA NATURAL GATOS AD CAST FRANGO 10KG;PREMIER;RACAO ;0,000;0;FAILED
7898601813357;VIVEIRO OVAL FIXO P068;LONDRINA;PASSAROS;0,000;0;FAILED
7898601815016;VIVEIRO POPULAR PRATA P032;LONDRINA;PASSAROS;0,000;0;FAILED
7898601814590;VIVEIRO SUICO DUPLEX PRATA P172;LONDRINA;PASSAROS;0,000;0;FAILED
7898601814583;VIVEIRO SUICO EPOXI E171;LONDRINA;PASSAROS;0,000;0;FAILED
7898601814576;VIVEIRO SUICO PRATA P171;LONDRINA;PASSAROS;0,000;0;FAILED
7898601813784;VIVEIRO TUBOLAR COELHO REF P133 PRATA;LONDRINA;PET;0,000;0;FAILED
7896112401797;VONAU VET 30ML;AVERT;FARMACIA;0,000;0;FAILED
7898019862572;WELLPET CAES 4,6 A 10KG 100MG;OURO FINO;FARMACIA;0,000;0;FAILED
7896780800090;XISDOG OSSO NO A;XISDOG;PET;0,000;0;FAILED
7896006200598;ZELOTRIL OTO X 30 ML;AGENER UNIÃO;FARMACIA;0,000;0;FAILED
7898515870262;BOIA CEVADEIRA GRANDE 60G;BOIAS BARÃO;PESCA;-1,000;0;FAILED
7898515870248;BOIA CEVADEIRA PEQ COM ROLHA 55G;BOIAS BARÃO;PESCA;-1,000;0;FAILED
7898515876097;BOIA CEVADEIRA PEQ. SEM ROLHA 36G;BOIAS BARÃO;PESCA;-1,000;0;FAILED
7896544402164;GENCO CLORO 3X1 1KG;GENCO;PISCINA;-1,000;0;FAILED
7896544400825;GENCO GENCLOR CLORO GRANULADO 1KG;GENCO;PISCINA;-2,000;0;FAILED
